ssid;bssid;channel;RSSI;security;hidden;time
b'AAU';b'l1\x0e\xe1\x0ff';1;-71;0;3;1609459207
b'AAU-1x';b'l1\x0e\xba\n\xa0';1;-49;5;3;1609459207
b'AAU-1x';b'l1\x0e\xe1\x0f`';1;-69;5;2;1609459207
b'AAU-1-DAY';b'l1\x0e\xe1\x0fa';1;-69;5;2;1609459207
b'AAU-CONF-1';b'l1\x0e\xe1\x0fb';1;-70;5;2;1609459207
b'eduroam';b'l1\x0e\xe1\x0fd';1;-71;5;2;1609459207
b'AAU-1-DAY';b'l1\x0e\xba\n\xa1';1;-49;5;3;1609459207
b'AAU-CONF-1';b'l1\x0e\xba\n\xa2';1;-50;5;3;1609459207
b'eduroam';b'l1\x0e\xba\n\xa4';1;-49;5;2;1609459207
b'AAU';b'l1\x0e\xba\n\xa6';1;-50;0;2;1609459207
b'shl00-210420ab';b'4\x13\xe8\xcf4Q';1;-60;7;3;1609459207
b'EBF0B990';b'\n\xab\xf07\x93\xba';1;-78;0;1;1609459207
b'AAU-1x';b'l1\x0e\xf3U\xe0';6;-66;5;2;1609459207
b'AAU-1-DAY';b'l1\x0e\xf3U\xe1';6;-66;5;2;1609459207
b'AAU-CONF-1';b'l1\x0e\xf3U\xe2';6;-65;5;2;1609459207
b'eduroam';b'l1\x0e\xf3U\xe4';6;-68;5;2;1609459207
b'AAU';b'l1\x0e\xf3U\xe6';6;-64;0;2;1609459207
b'AAU-1x';b'<Q\x0e\x13\xfd\x80';6;-64;5;3;1609459207
b'AAU-1-DAY';b'<Q\x0e\x13\xfd\x81';6;-64;5;3;1609459207
b'AAU-CONF-1';b'<Q\x0e\x13\xfd\x82';6;-64;5;3;1609459207
b'eduroam';b'<Q\x0e\x13\xfd\x84';6;-64;5;3;1609459207
b'AAU';b'<Q\x0e\x13\xfd\x86';6;-64;0;3;1609459207
b'';b'<Q\x0e\x13\xfd\x85';6;-67;0;1;1609459207
b'MiR_202303313';b'\x08U1>\xea\x0c';11;-71;7;1;1609459207
b'ZyXEL';b'\x00\x19\xcbYu\xde';13;-65;3;1;1609459207
b'AAU-1x';b'l1\x0e\xba\n\xa0';1;-55;5;2;1609459210
b'AAU-1x';b'l1\x0e\xe1\x0f`';1;-71;5;1;1609459210
b'AAU-1-DAY';b'l1\x0e\xba\n\xa1';1;-55;5;2;1609459210
b'AAU-CONF-1';b'l1\x0e\xba\n\xa2';1;-56;5;2;1609459210
b'eduroam';b'l1\x0e\xba\n\xa4';1;-52;5;2;1609459210
b'AAU';b'l1\x0e\xba\n\xa6';1;-55;0;2;1609459210
b'shl00-210420ab';b'4\x13\xe8\xcf4Q';1;-64;7;2;1609459210
b'AAU-1-DAY';b'l1\x0e\xe1\x0fa';1;-74;5;2;1609459210
b'AAU-CONF-1';b'l1\x0e\xe1\x0fb';1;-74;5;2;1609459210
b'eduroam';b'l1\x0e\xe1\x0fd';1;-71;5;2;1609459210
b'AAU';b'l1\x0e\xe1\x0ff';1;-69;0;1;1609459210
b'EBF0B990';b'\n\xab\xf07\x93\xba';1;-81;0;2;1609459210
b'';b'l1\x0e\xe1\x0fe';1;-73;0;1;1609459210
b'AAU-1x';b'l1\x0e\xf3U\xe0';6;-58;5;2;1609459210
b'AAU-1x';b'<Q\x0e\x13\xfd\x80';6;-65;5;2;1609459210
b'AAU-1-DAY';b'l1\x0e\xf3U\xe1';6;-56;5;2;1609459210
b'AAU-CONF-1';b'l1\x0e\xf3U\xe2';6;-55;5;2;1609459210
b'Bear';b'\xc2+\xf9\xcay\x07';6;-46;5;3;1609459210
b'AAU-1-DAY';b'<Q\x0e\x13\xfd\x81';6;-65;5;2;1609459210
b'eduroam';b'l1\x0e\xf3U\xe4';6;-56;5;3;1609459210
b'AAU';b'l1\x0e\xf3U\xe6';6;-57;0;3;1609459210
b'AAU-CONF-1';b'<Q\x0e\x13\xfd\x82';6;-64;5;2;1609459210
b'eduroam';b'<Q\x0e\x13\xfd\x84';6;-64;5;2;1609459210
b'AAU';b'<Q\x0e\x13\xfd\x86';6;-65;0;2;1609459210
b'';b'l1\x0e\xf3U\xe5';6;-58;0;1;1609459210
b'';b'l1\x0e\xf3U\xe7';6;-58;5;1;1609459210
b'MiR_202303313';b'\x08U1>\xea\x0c';11;-69;7;2;1609459210
b'linksys';b'\x00\x14\xbf\x8a\xa3,';11;-80;5;3;1609459210
b'ZyXEL';b'\x00\x19\xcbYu\xde';13;-68;3;3;1609459210
b'shl00-210420ab';b'4\x13\xe8\xcf4Q';1;-66;7;2;1609459212
b'AAU';b'l1\x0e\xba\n\xa6';1;-54;0;3;1609459212
b'AAU-1x';b'l1\x0e\xba\n\xa0';1;-59;5;2;1609459212
b'AAU-1-DAY';b'l1\x0e\xba\n\xa1';1;-55;5;2;1609459212
b'AAU-1x';b'l1\x0e\xe1\x0f`';1;-76;5;3;1609459212
b'AAU-CONF-1';b'l1\x0e\xba\n\xa2';1;-55;5;2;1609459212
b'eduroam';b'l1\x0e\xba\n\xa4';1;-55;5;2;1609459212
b'AAU-1-DAY';b'l1\x0e\xe1\x0fa';1;-76;5;3;1609459212
b'AAU-CONF-1';b'l1\x0e\xe1\x0fb';1;-77;5;3;1609459212
b'eduroam';b'l1\x0e\xe1\x0fd';1;-77;5;2;1609459212
b'AAU';b'l1\x0e\xe1\x0ff';1;-77;0;2;1609459212
b'';b'l1\x0e\xba\n\xa7';1;-55;5;1;1609459212
b'AAU-1x';b'l1\x0e\xf3U\xe0';6;-58;5;2;1609459212
b'AAU-1-DAY';b'l1\x0e\xf3U\xe1';6;-58;5;3;1609459212
b'AAU-CONF-1';b'l1\x0e\xf3U\xe2';6;-60;5;3;1609459212
b'eduroam';b'l1\x0e\xf3U\xe4';6;-58;5;3;1609459212
b'AAU';b'l1\x0e\xf3U\xe6';6;-59;0;3;1609459212
b'AAU-1x';b'<Q\x0e\x13\xfd\x80';6;-68;5;2;1609459212
b'AAU-1-DAY';b'<Q\x0e\x13\xfd\x81';6;-65;5;2;1609459212
b'AAU-CONF-1';b'<Q\x0e\x13\xfd\x82';6;-63;5;2;1609459212
b'eduroam';b'<Q\x0e\x13\xfd\x84';6;-65;5;2;1609459212
b'AAU';b'<Q\x0e\x13\xfd\x86';6;-62;0;2;1609459212
b'Bear';b'\xc2+\xf9\xcay\x07';6;-57;5;2;1609459212
b'';b'l1\x0e\xf3U\xe5';6;-60;0;1;1609459212
b'';b'l1\x0e\xf3U\xe7';6;-59;5;1;1609459212
b'MiR_202303313';b'\x08U1>\xea\x0c';11;-68;7;3;1609459212
b'ZyXEL';b'\x00\x19\xcbYu\xde';13;-65;3;3;1609459212
b'AAU-1-DAY';b'l1\x0e\xe1\x0fa';1;-72;5;3;1609459215
b'shl00-210420ab';b'4\x13\xe8\xcf4Q';1;-64;7;3;1609459215
b'AAU-1x';b'l1\x0e\xe1\x0f`';1;-76;5;1;1609459215
b'AAU-1x';b'l1\x0e\xba\n\xa0';1;-56;5;2;1609459215
b'AAU-CONF-1';b'l1\x0e\xe1\x0fb';1;-75;5;3;1609459215
b'AAU-1-DAY';b'l1\x0e\xba\n\xa1';1;-55;5;2;1609459215
b'AAU-CONF-1';b'l1\x0e\xba\n\xa2';1;-56;5;2;1609459215
b'eduroam';b'l1\x0e\xba\n\xa4';1;-56;5;2;1609459215
b'AAU';b'l1\x0e\xba\n\xa6';1;-55;0;2;1609459215
b'eduroam';b'l1\x0e\xe1\x0fd';1;-74;5;3;1609459215
b'AAU';b'l1\x0e\xe1\x0ff';1;-72;0;3;1609459215
b'';b'l1\x0e\xe1\x0fe';1;-75;0;1;1609459215
b'';b'l1\x0e\xe1\x0fg';1;-73;5;1;1609459215
b'eduroam';b'l1\x0e\xba\x11\x84';1;-83;5;1;1609459215
b'';b'l1\x0e\xf3U\xe5';6;-54;0;1;1609459215
b'AAU-1x';b'<Q\x0e\x13\xfd\x80';6;-65;5;3;1609459215
b'AAU-1x';b'l1\x0e\xf3U\xe0';6;-53;5;2;1609459215
b'AAU-1-DAY';b'<Q\x0e\x13\xfd\x81';6;-65;5;3;1609459215
b'Bear';b'\xc2+\xf9\xcay\x07';6;-53;5;1;1609459215
b'AAU-1-DAY';b'l1\x0e\xf3U\xe1';6;-56;5;2;1609459215
b'AAU-CONF-1';b'l1\x0e\xf3U\xe2';6;-56;5;2;1609459215
b'AAU-CONF-1';b'<Q\x0e\x13\xfd\x82';6;-65;5;2;1609459215
b'eduroam';b'l1\x0e\xf3U\xe4';6;-54;5;2;1609459215
b'AAU';b'l1\x0e\xf3U\xe6';6;-54;0;3;1609459215
b'eduroam';b'<Q\x0e\x13\xfd\x84';6;-66;5;2;1609459215
b'AAU';b'<Q\x0e\x13\xfd\x86';6;-64;0;2;1609459215
b'';b'l1\x0e\xf3U\xe7';6;-56;5;1;1609459215
b'MiR_202303313';b'\x08U1>\xea\x0c';11;-68;7;4;1609459215
b'linksys';b'\x00\x14\xbf\x8a\xa3,';11;-84;5;2;1609459215
b'shl00-210420ab';b'4\x13\xe8\xcf4Q';1;-73;7;3;1609459218
b'';b'l1\x0e\xba\n\xa5';1;-62;0;1;1609459218
b'AAU-1x';b'l1\x0e\xba\n\xa0';1;-63;5;2;1609459218
b'AAU-1-DAY';b'l1\x0e\xba\n\xa1';1;-64;5;2;1609459218
b'AAU-CONF-1';b'l1\x0e\xba\n\xa2';1;-63;5;2;1609459218
b'eduroam';b'l1\x0e\xba\n\xa4';1;-63;5;2;1609459218
b'AAU';b'l1\x0e\xba\n\xa6';1;-61;0;3;1609459218
b'AAU';b'l1\x0e\xe1\x0ff';1;-79;0;1;1609459218
b'';b'l1\x0e\xba\n\xa7';1;-62;5;1;1609459218
b'AAU-1x';b'l1\x0e\xf3U\xe0';6;-64;5;3;1609459218
b'AAU-1-DAY';b'l1\x0e\xf3U\xe1';6;-63;5;3;1609459218
b'AAU-CONF-1';b'l1\x0e\xf3U\xe2';6;-62;5;3;1609459218
b'eduroam';b'l1\x0e\xf3U\xe4';6;-60;5;3;1609459218
b'AAU';b'l1\x0e\xf3U\xe6';6;-61;0;3;1609459218
b'AAU-1x';b'<Q\x0e\x13\xfd\x80';6;-69;5;2;1609459218
b'AAU-1-DAY';b'<Q\x0e\x13\xfd\x81';6;-68;5;2;1609459218
b'AAU-CONF-1';b'<Q\x0e\x13\xfd\x82';6;-68;5;2;1609459218
b'eduroam';b'<Q\x0e\x13\xfd\x84';6;-68;5;2;1609459218
b'AAU';b'<Q\x0e\x13\xfd\x86';6;-68;0;2;1609459218
b'Bear';b'\xc2+\xf9\xcay\x07';6;-44;5;1;1609459218
b'';b'l1\x0e\xf3U\xe5';6;-69;0;1;1609459218
b'';b'l1\x0e\xf3U\xe7';6;-64;5;1;1609459218
b'linksys';b'\x00\x14\xbf\x8a\xa3,';11;-89;5;1;1609459218
b'ZyXEL';b'\x00\x19\xcbYu\xde';13;-70;3;3;1609459218
b'shl00-210420ab';b'4\x13\xe8\xcf4Q';1;-73;7;2;1609459220
b'AAU-1x';b'l1\x0e\xba\n\xa0';1;-59;5;3;1609459220
b'AAU-1-DAY';b'l1\x0e\xba\n\xa1';1;-55;5;4;1609459220
b'AAU-CONF-1';b'l1\x0e\xba\n\xa2';1;-59;5;2;1609459220
b'AAU-1-DAY';b'l1\x0e\xe1\x0fa';1;-77;5;2;1609459220
b'eduroam';b'l1\x0e\xba\n\xa4';1;-56;5;3;1609459220
b'AAU';b'l1\x0e\xba\n\xa6';1;-57;0;3;1609459220
b'AAU-CONF-1';b'l1\x0e\xe1\x0fb';1;-81;5;2;1609459220
b'AAU';b'l1\x0e\xe1\x0ff';1;-76;0;2;1609459220
b'eduroam';b'l1\x0e\xe1\x0fd';1;-81;5;1;1609459220
b'';b'l1\x0e\xba\n\xa5';1;-58;0;1;1609459220
b'';b'l1\x0e\xba\n\xa7';1;-56;5;1;1609459220
b'AAU-1x';b'<Q\x0e\x13\xfd\x80';6;-68;5;2;1609459220
b'AAU-1x';b'l1\x0e\xf3U\xe0';6;-56;5;3;1609459220
b'AAU-1-DAY';b'l1\x0e\xf3U\xe1';6;-53;5;3;1609459220
b'AAU-CONF-1';b'l1\x0e\xf3U\xe2';6;-57;5;2;1609459220
b'eduroam';b'l1\x0e\xf3U\xe4';6;-56;5;2;1609459220
b'AAU-1-DAY';b'<Q\x0e\x13\xfd\x81';6;-65;5;2;1609459220
b'AAU';b'l1\x0e\xf3U\xe6';6;-59;0;2;1609459220
b'AAU-CONF-1';b'<Q\x0e\x13\xfd\x82';6;-66;5;2;1609459220
b'eduroam';b'<Q\x0e\x13\xfd\x84';6;-60;5;3;1609459220
b'AAU';b'<Q\x0e\x13\xfd\x86';6;-66;0;3;1609459220
b'';b'<Q\x0e\x13\xfd\x85';6;-63;0;1;1609459220
b'';b'<Q\x0e\x13\xfd\x87';6;-66;5;1;1609459220
b'MiR_202303313';b'\x08U1>\xea\x0c';11;-77;7;4;1609459220
b'ZyXEL';b'\x00\x19\xcbYu\xde';13;-74;3;2;1609459220
b'AAU-1x';b'l1\x0e\xba\n\xa0';1;-61;5;3;1609459223
b'AAU-1x';b'l1\x0e\xe1\x0f`';1;-76;5;2;1609459223
b'AAU-1-DAY';b'l1\x0e\xba\n\xa1';1;-62;5;3;1609459223
b'AAU-1-DAY';b'l1\x0e\xe1\x0fa';1;-75;5;2;1609459223
b'AAU-CONF-1';b'l1\x0e\xba\n\xa2';1;-63;5;2;1609459223
b'AAU-CONF-1';b'l1\x0e\xe1\x0fb';1;-73;5;2;1609459223
b'eduroam';b'l1\x0e\xe1\x0fd';1;-73;5;2;1609459223
b'eduroam';b'l1\x0e\xba\n\xa4';1;-61;5;2;1609459223
b'AAU';b'l1\x0e\xe1\x0ff';1;-73;0;3;1609459223
b'AAU';b'l1\x0e\xba\n\xa6';1;-60;0;2;1609459223
b'shl00-210420ab';b'4\x13\xe8\xcf4Q';1;-67;7;3;1609459223
b'';b'l1\x0e\xe1\x0fg';1;-76;5;1;1609459223
b'AAU-1x';b'l1\x0e\xf3U\xe0';6;-63;5;2;1609459223
b'AAU-1-DAY';b'l1\x0e\xf3U\xe1';6;-57;5;2;1609459223
b'AAU-CONF-1';b'l1\x0e\xf3U\xe2';6;-61;5;2;1609459223
b'eduroam';b'l1\x0e\xf3U\xe4';6;-60;5;2;1609459223
b'AAU';b'l1\x0e\xf3U\xe6';6;-61;0;2;1609459223
b'AAU-1x';b'<Q\x0e\x13\xfd\x80';6;-71;5;3;1609459223
b'AAU-1-DAY';b'<Q\x0e\x13\xfd\x81';6;-68;5;3;1609459223
b'AAU-CONF-1';b'<Q\x0e\x13\xfd\x82';6;-68;5;3;1609459223
b'eduroam';b'<Q\x0e\x13\xfd\x84';6;-66;5;3;1609459223
b'AAU';b'<Q\x0e\x13\xfd\x86';6;-70;0;3;1609459223
b'Bear';b'\xc2+\xf9\xcay\x07';6;-47;5;1;1609459223
b'';b'<Q\x0e\x13\xfd\x85';6;-72;0;1;1609459223
b'MiR_202303313';b'\x08U1>\xea\x0c';11;-76;7;1;1609459223
b'linksys';b'\x00\x14\xbf\x8a\xa3,';11;-84;5;1;1609459223
b'AAU-1x';b'l1\x0e\xba\n\xa0';1;-61;5;2;1609459225
b'AAU-1x';b'l1\x0e\xe1\x0f`';1;-77;5;2;1609459225
b'AAU-1-DAY';b'l1\x0e\xba\n\xa1';1;-63;5;2;1609459225
b'AAU-CONF-1';b'l1\x0e\xba\n\xa2';1;-63;5;2;1609459225
b'eduroam';b'l1\x0e\xba\n\xa4';1;-64;5;2;1609459225
b'AAU';b'l1\x0e\xba\n\xa6';1;-63;0;2;1609459225
b'AAU-1-DAY';b'l1\x0e\xe1\x0fa';1;-75;5;1;1609459225
b'shl00-210420ab';b'4\x13\xe8\xcf4Q';1;-66;7;2;1609459225
b'AAU-CONF-1';b'l1\x0e\xe1\x0fb';1;-71;5;2;1609459225
b'eduroam';b'l1\x0e\xe1\x0fd';1;-75;5;1;1609459225
b'';b'l1\x0e\xe1\x0fe';1;-73;0;1;1609459225
b'AAU';b'l1\x0e\xe1\x0ff';1;-71;0;2;1609459225
b'';b'l1\x0e\xe1\x0fg';1;-76;5;1;1609459225
b'AAU-1x';b'<Q\x0e\x13\xfd\x80';6;-64;5;3;1609459225
b'AAU-1x';b'l1\x0e\xf3U\xe0';6;-56;5;2;1609459225
b'AAU-1-DAY';b'l1\x0e\xf3U\xe1';6;-55;5;2;1609459225
b'Bear';b'\xc2+\xf9\xcay\x07';6;-43;5;3;1609459225
b'AAU-CONF-1';b'l1\x0e\xf3U\xe2';6;-55;5;2;1609459225
b'AAU-1-DAY';b'<Q\x0e\x13\xfd\x81';6;-65;5;2;1609459225
b'eduroam';b'l1\x0e\xf3U\xe4';6;-58;5;2;1609459225
b'AAU-CONF-1';b'<Q\x0e\x13\xfd\x82';6;-69;5;2;1609459225
b'AAU';b'l1\x0e\xf3U\xe6';6;-56;0;3;1609459225
b'eduroam';b'<Q\x0e\x13\xfd\x84';6;-64;5;2;1609459225
b'AAU';b'<Q\x0e\x13\xfd\x86';6;-67;0;2;1609459225
b'';b'l1\x0e\xf3U\xe5';6;-56;0;1;1609459225
b'';b'l1\x0e\xf3U\xe7';6;-59;5;1;1609459225
b'MiR_202303313';b'\x08U1>\xea\x0c';11;-78;7;1;1609459225
b'ZyXEL';b'\x00\x19\xcbYu\xde';13;-73;3;1;1609459225
b'AAU-1x';b'l1\x0e\xba\n\xa0';1;-65;5;2;1609459228
b'shl00-210420ab';b'4\x13\xe8\xcf4Q';1;-68;7;2;1609459228
b'AAU';b'l1\x0e\xba\n\xa6';1;-63;0;3;1609459228
b'AAU-1-DAY';b'l1\x0e\xba\n\xa1';1;-64;5;2;1609459228
b'AAU-CONF-1';b'l1\x0e\xba\n\xa2';1;-64;5;2;1609459228
b'eduroam';b'l1\x0e\xba\n\xa4';1;-63;5;2;1609459228
b'';b'l1\x0e\xba\n\xa7';1;-65;5;1;1609459228
b'AAU-1x';b'l1\x0e\xe1\x0f`';1;-80;5;1;1609459228
b'AAU-1-DAY';b'l1\x0e\xe1\x0fa';1;-81;5;1;1609459228
b'AAU-1x';b'<Q\x0e\x13\xfd\x80';6;-70;5;3;1609459228
b'AAU-1x';b'l1\x0e\xf3U\xe0';6;-51;5;2;1609459228
b'Bear';b'\xc2+\xf9\xcay\x07';6;-43;5;2;1609459228
b'AAU-1-DAY';b'l1\x0e\xf3U\xe1';6;-50;5;3;1609459228
b'AAU-1-DAY';b'<Q\x0e\x13\xfd\x81';6;-67;5;2;1609459228
b'AAU-CONF-1';b'l1\x0e\xf3U\xe2';6;-51;5;3;1609459228
b'eduroam';b'l1\x0e\xf3U\xe4';6;-50;5;3;1609459228
b'AAU';b'l1\x0e\xf3U\xe6';6;-49;0;3;1609459228
b'AAU-CONF-1';b'<Q\x0e\x13\xfd\x82';6;-66;5;2;1609459228
b'eduroam';b'<Q\x0e\x13\xfd\x84';6;-69;5;2;1609459228
b'AAU';b'<Q\x0e\x13\xfd\x86';6;-66;0;2;1609459228
b'';b'l1\x0e\xf3U\xe5';6;-52;0;1;1609459228
b'';b'l1\x0e\xf3U\xe7';6;-52;5;1;1609459228
b'MiR_202303313';b'\x08U1>\xea\x0c';11;-76;7;1;1609459228
b'linksys';b'\x00\x14\xbf\x8a\xa3,';11;-88;5;1;1609459228
b'shl00-210420ab';b'4\x13\xe8\xcf4Q';1;-79;7;2;1609459231
b'AAU-1x';b'l1\x0e\xe1\x0f`';1;-78;5;2;1609459231
b'AAU-1-DAY';b'l1\x0e\xe1\x0fa';1;-79;5;2;1609459231
b'AAU-CONF-1';b'l1\x0e\xe1\x0fb';1;-79;5;2;1609459231
b'AAU-1x';b'l1\x0e\xba\n\xa0';1;-69;5;1;1609459231
b'AAU-CONF-1';b'l1\x0e\xba\n\xa2';1;-68;5;1;1609459231
b'eduroam';b'l1\x0e\xba\n\xa4';1;-70;5;1;1609459231
b'eduroam';b'l1\x0e\xe1\x0fd';1;-79;5;1;1609459231
b'AAU';b'l1\x0e\xe1\x0ff';1;-79;0;1;1609459231
b'';b'l1\x0e\xba\n\xa7';1;-69;5;1;1609459231
b'AAU-1x';b'<Q\x0e\x13\xfd\x80';6;-76;5;1;1609459231
b'AAU-1x';b'l1\x0e\xf3U\xe0';6;-50;5;1;1609459231
b'AAU-1-DAY';b'<Q\x0e\x13\xfd\x81';6;-72;5;1;1609459231
b'AAU-1-DAY';b'l1\x0e\xf3U\xe1';6;-48;5;1;1609459231
b'AAU-CONF-1';b'<Q\x0e\x13\xfd\x82';6;-72;5;1;1609459231
b'AAU-CONF-1';b'l1\x0e\xf3U\xe2';6;-49;5;2;1609459231
b'eduroam';b'<Q\x0e\x13\xfd\x84';6;-73;5;1;1609459231
b'eduroam';b'l1\x0e\xf3U\xe4';6;-47;5;2;1609459231
b'AAU';b'l1\x0e\xf3U\xe6';6;-43;0;2;1609459231
b'AAU';b'<Q\x0e\x13\xfd\x86';6;-73;0;2;1609459231
b'';b'<Q\x0e\x13\xfd\x87';6;-75;5;1;1609459231
b'linksys';b'\x00\x14\xbf\x8a\xa3,';11;-86;5;2;1609459231
b'ZyXEL';b'\x00\x19\xcbYu\xde';13;-72;3;2;1609459231
b'AAU';b'l1\x0e\xe1\x0ff';1;-78;0;3;1609459233
b'AAU-1x';b'l1\x0e\xba\n\xa0';1;-61;5;3;1609459233
b'AAU-1x';b'l1\x0e\xe1\x0f`';1;-77;5;2;1609459233
b'AAU-1-DAY';b'l1\x0e\xba\n\xa1';1;-64;5;3;1609459233
b'AAU-CONF-1';b'l1\x0e\xba\n\xa2';1;-64;5;3;1609459233
b'eduroam';b'l1\x0e\xba\n\xa4';1;-65;5;2;1609459233
b'AAU';b'l1\x0e\xba\n\xa6';1;-64;0;2;1609459233
b'shl00-210420ab';b'4\x13\xe8\xcf4Q';1;-67;7;3;1609459233
b'AAU-CONF-1';b'l1\x0e\xe1\x0fb';1;-76;5;2;1609459233
b'eduroam';b'l1\x0e\xe1\x0fd';1;-78;5;2;1609459233
b'AAU-1-DAY';b'l1\x0e\xe1\x0fa';1;-75;5;1;1609459233
b'AAU-1x';b'<Q\x0e\x13\xfd\x80';6;-70;5;3;1609459233
b'AAU-1-DAY';b'<Q\x0e\x13\xfd\x81';6;-69;5;3;1609459233
b'AAU';b'l1\x0e\xf3U\xe6';6;-49;0;3;1609459233
b'Bear';b'\xc2+\xf9\xcay\x07';6;-58;5;1;1609459233
b'AAU-CONF-1';b'<Q\x0e\x13\xfd\x82';6;-71;5;2;1609459233
b'AAU-1x';b'l1\x0e\xf3U\xe0';6;-49;5;2;1609459233
b'AAU-1-DAY';b'l1\x0e\xf3U\xe1';6;-49;5;2;1609459233
b'eduroam';b'<Q\x0e\x13\xfd\x84';6;-68;5;3;1609459233
b'AAU-CONF-1';b'l1\x0e\xf3U\xe2';6;-49;5;2;1609459233
b'AAU';b'<Q\x0e\x13\xfd\x86';6;-69;0;3;1609459233
b'eduroam';b'l1\x0e\xf3U\xe4';6;-49;5;2;1609459233
b'';b'<Q\x0e\x13\xfd\x85';6;-74;0;1;1609459233
b'';b'<Q\x0e\x13\xfd\x87';6;-74;5;1;1609459233
b'MiR_202303313';b'\x08U1>\xea\x0c';11;-81;7;1;1609459233
b'linksys';b'\x00\x14\xbf\x8a\xa3,';11;-80;5;1;1609459233
b'ZyXEL';b'\x00\x19\xcbYu\xde';13;-81;3;2;1609459233
b'AAU-1x';b'l1\x0e\xba\n\xa0';1;-69;5;2;1609459236
b'AAU-1x';b'l1\x0e\xe1\x0f`';1;-81;5;1;1609459236
b'AAU-1-DAY';b'l1\x0e\xba\n\xa1';1;-66;5;2;1609459236
b'AAU-CONF-1';b'l1\x0e\xba\n\xa2';1;-68;5;2;1609459236
b'AAU-1-DAY';b'l1\x0e\xe1\x0fa';1;-81;5;2;1609459236
b'eduroam';b'l1\x0e\xba\n\xa4';1;-66;5;2;1609459236
b'AAU';b'l1\x0e\xba\n\xa6';1;-69;0;2;1609459236
b'AAU-CONF-1';b'l1\x0e\xe1\x0fb';1;-79;5;1;1609459236
b'eduroam';b'l1\x0e\xe1\x0fd';1;-80;5;3;1609459236
b'shl00-210420ab';b'4\x13\xe8\xcf4Q';1;-68;7;2;1609459236
b'AAU';b'l1\x0e\xe1\x0ff';1;-80;0;1;1609459236
b'AAU-1x';b'l1\x0e\xf3U\xe0';6;-47;5;2;1609459236
b'AAU-1-DAY';b'l1\x0e\xf3U\xe1';6;-44;5;2;1609459236
b'AAU-CONF-1';b'l1\x0e\xf3U\xe2';6;-47;5;2;1609459236
b'Bear';b'\xc2+\xf9\xcay\x07';6;-49;5;3;1609459236
b'AAU-1x';b'<Q\x0e\x13\xfd\x80';6;-75;5;3;1609459236
b'eduroam';b'l1\x0e\xf3U\xe4';6;-47;5;2;1609459236
b'AAU';b'l1\x0e\xf3U\xe6';6;-44;0;3;1609459236
b'AAU-1-DAY';b'<Q\x0e\x13\xfd\x81';6;-74;5;3;1609459236
b'AAU-CONF-1';b'<Q\x0e\x13\xfd\x82';6;-74;5;3;1609459236
b'eduroam';b'<Q\x0e\x13\xfd\x84';6;-75;5;2;1609459236
b'AAU';b'<Q\x0e\x13\xfd\x86';6;-74;0;2;1609459236
b'';b'l1\x0e\xf3U\xe7';6;-47;5;1;1609459236
b'TELLO-F251F6';b'4\xd2b\xf2Q\xf6';8;-60;0;6;1609459236
b'MiR_202303313';b'\x08U1>\xea\x0c';11;-82;7;2;1609459236
b'AAU';b'l1\x0e\xba\n\xa6';1;-72;0;3;1609459239
b'AAU-1x';b'l1\x0e\xba\n\xa0';1;-73;5;2;1609459239
b'AAU-1-DAY';b'l1\x0e\xba\n\xa1';1;-74;5;2;1609459239
b'AAU-CONF-1';b'l1\x0e\xba\n\xa2';1;-75;5;2;1609459239
b'AAU-CONF-1';b'l1\x0e\xe1\x0fb';1;-83;5;1;1609459239
b'eduroam';b'l1\x0e\xba\n\xa4';1;-73;5;2;1609459239
b'eduroam';b'l1\x0e\xe1\x0fd';1;-82;5;2;1609459239
b'shl00-210420ab';b'4\x13\xe8\xcf4Q';1;-77;7;1;1609459239
b'yeahnet';b'\x00\x90L_\x00*';5;-81;0;2;1609459239
b'AAU-1x';b'l1\x0e\xf3U\xe0';6;-49;5;2;1609459239
b'AAU-1-DAY';b'l1\x0e\xf3U\xe1';6;-50;5;3;1609459239
b'AAU-CONF-1';b'l1\x0e\xf3U\xe2';6;-48;5;3;1609459239
b'eduroam';b'l1\x0e\xf3U\xe4';6;-50;5;3;1609459239
b'AAU';b'l1\x0e\xf3U\xe6';6;-49;0;3;1609459239
b'Bear';b'\xc2+\xf9\xcay\x07';6;-47;5;3;1609459239
b'';b'l1\x0e\xf3U\xe5';6;-49;0;1;1609459239
b'AAU-1x';b'<Q\x0e\x13\xfd\x80';6;-76;5;1;1609459239
b'AAU-1-DAY';b'<Q\x0e\x13\xfd\x81';6;-76;5;1;1609459239
b'AAU-CONF-1';b'<Q\x0e\x13\xfd\x82';6;-76;5;1;1609459239
b'eduroam';b'<Q\x0e\x13\xfd\x84';6;-76;5;1;1609459239
b'AAU';b'<Q\x0e\x13\xfd\x86';6;-74;0;1;1609459239
b'';b'l1\x0e\xf3U\xe7';6;-52;5;1;1609459239
b'TELLO-F251F6';b'4\xd2b\xf2Q\xf6';8;-55;0;6;1609459239
b'ZyXEL';b'\x00\x19\xcbYu\xde';13;-81;3;1;1609459239
b'AAU';b'l1\x0e\xba\n\xa6';1;-67;0;3;1609459241
b'AAU-1x';b'l1\x0e\xba\n\xa0';1;-69;5;1;1609459241
b'AAU-1-DAY';b'l1\x0e\xba\n\xa1';1;-67;5;2;1609459241
b'AAU-CONF-1';b'l1\x0e\xba\n\xa2';1;-67;5;2;1609459241
b'eduroam';b'l1\x0e\xba\n\xa4';1;-68;5;2;1609459241
b'eduroam';b'l1\x0e\xe1\x0fd';1;-79;5;3;1609459241
b'';b'l1\x0e\xba\n\xa7';1;-65;5;1;1609459241
b'AAU';b'l1\x0e\xe1\x0ff';1;-81;0;2;1609459241
b'shl00-210420ab';b'4\x13\xe8\xcf4Q';1;-72;7;3;1609459241
b'AAU-1x';b'l1\x0e\xf3U\xe0';6;-37;5;2;1609459241
b'AAU-1-DAY';b'l1\x0e\xf3U\xe1';6;-34;5;3;1609459241
b'AAU-CONF-1';b'l1\x0e\xf3U\xe2';6;-34;5;3;1609459241
b'Bear';b'\xc2+\xf9\xcay\x07';6;-49;5;2;1609459241
b'eduroam';b'l1\x0e\xf3U\xe4';6;-36;5;3;1609459241
b'AAU';b'l1\x0e\xf3U\xe6';6;-35;0;3;1609459241
b'';b'l1\x0e\xf3U\xe5';6;-35;0;1;1609459241
b'';b'l1\x0e\xf3U\xe7';6;-38;5;1;1609459241
b'TELLO-F251F6';b'4\xd2b\xf2Q\xf6';8;-58;0;6;1609459241
b'MiR_202303313';b'\x08U1>\xea\x0c';11;-79;7;1;1609459241
b'linksys';b'\x00\x14\xbf\x8a\xa3,';11;-87;5;1;1609459241
b'AAU';b'l1\x0e\xba\n\xa6';1;-70;0;3;1609459244
b'AAU-1x';b'l1\x0e\xba\n\xa0';1;-67;5;2;1609459244
b'eduroam';b'l1\x0e\xba\n\xa4';1;-69;5;2;1609459244
b'';b'l1\x0e\xba\n\xa7';1;-72;5;1;1609459244
b'shl00-210420ab';b'4\x13\xe8\xcf4Q';1;-77;7;3;1609459244
b'AAU-1-DAY';b'l1\x0e\xba\n\xa1';1;-67;5;1;1609459244
b'AAU-CONF-1';b'l1\x0e\xba\n\xa2';1;-67;5;1;1609459244
b'eduroam';b'l1\x0e\xe1\x0fd';1;-78;5;1;1609459244
b'Bear';b'\xc2+\xf9\xcay\x07';6;-52;5;3;1609459244
b'AAU-CONF-1';b'l1\x0e\xf3U\xe2';6;-33;5;2;1609459244
b'eduroam';b'l1\x0e\xf3U\xe4';6;-34;5;1;1609459244
b'AAU';b'l1\x0e\xf3U\xe6';6;-34;0;1;1609459244
b'AAU-1x';b'l1\x0e\xf3U\xe0';6;-33;5;1;1609459244
b'AAU-1-DAY';b'l1\x0e\xf3U\xe1';6;-32;5;1;1609459244
b'';b'l1\x0e\xf3U\xe5';6;-35;0;1;1609459244
b'AAU-1x';b'<Q\x0e\x13\xfd\x80';6;-75;5;1;1609459244
b'AAU-1-DAY';b'<Q\x0e\x13\xfd\x81';6;-75;5;1;1609459244
b'AAU-CONF-1';b'<Q\x0e\x13\xfd\x82';6;-74;5;1;1609459244
b'eduroam';b'<Q\x0e\x13\xfd\x84';6;-72;5;1;1609459244
b'AAU';b'<Q\x0e\x13\xfd\x86';6;-75;0;1;1609459244
b'TELLO-F251F6';b'4\xd2b\xf2Q\xf6';8;-61;0;8;1609459244
b'linksys';b'\x00\x14\xbf\x8a\xa3,';11;-86;5;1;1609459244
b'ZyXEL';b'\x00\x19\xcbYu\xde';13;-76;3;1;1609459244
b'AAU';b'l1\x0e\xba\n\xa6';1;-68;0;2;1609459247
b'';b'l1\x0e\xba\n\xa7';1;-74;5;1;1609459247
b'shl00-210420ab';b'4\x13\xe8\xcf4Q';1;-76;7;2;1609459247
b'AAU-1x';b'l1\x0e\xba\n\xa0';1;-70;5;1;1609459247
b'AAU-1-DAY';b'l1\x0e\xba\n\xa1';1;-73;5;1;1609459247
b'AAU-CONF-1';b'l1\x0e\xba\n\xa2';1;-67;5;1;1609459247
b'eduroam';b'l1\x0e\xba\n\xa4';1;-68;5;1;1609459247
b'yeahnet';b'\x00\x90L_\x00*';5;-83;0;1;1609459247
b'AAU-1x';b'l1\x0e\xf3U\xe0';6;-36;5;3;1609459247
b'AAU-1-DAY';b'l1\x0e\xf3U\xe1';6;-36;5;3;1609459247
b'AAU-CONF-1';b'l1\x0e\xf3U\xe2';6;-37;5;3;1609459247
b'eduroam';b'l1\x0e\xf3U\xe4';6;-34;5;3;1609459247
b'AAU';b'l1\x0e\xf3U\xe6';6;-36;0;3;1609459247
b'AAU-1x';b'<Q\x0e\x13\xfd\x80';6;-76;5;1;1609459247
b'AAU-1-DAY';b'<Q\x0e\x13\xfd\x81';6;-78;5;1;1609459247
b'Bear';b'\xc2+\xf9\xcay\x07';6;-62;5;1;1609459247
b'AAU-CONF-1';b'<Q\x0e\x13\xfd\x82';6;-75;5;1;1609459247
b'';b'l1\x0e\xf3U\xe5';6;-35;0;1;1609459247
b'TELLO-F251F6';b'4\xd2b\xf2Q\xf6';8;-55;0;5;1609459247
b'MiR_202303313';b'\x08U1>\xea\x0c';11;-82;7;1;1609459247
b'ZyXEL';b'\x00\x19\xcbYu\xde';13;-77;3;4;1609459247
b'AAU-1x';b'l1\x0e\xba\n\xa0';1;-76;5;2;1609459249
b'AAU-1-DAY';b'l1\x0e\xba\n\xa1';1;-75;5;2;1609459249
b'AAU-CONF-1';b'l1\x0e\xba\n\xa2';1;-80;5;2;1609459249
b'eduroam';b'l1\x0e\xba\n\xa4';1;-76;5;2;1609459249
b'AAU';b'l1\x0e\xba\n\xa6';1;-74;0;3;1609459249
b'shl00-210420ab';b'4\x13\xe8\xcf4Q';1;-83;7;1;1609459249
b'';b'l1\x0e\xba\n\xa7';1;-73;5;1;1609459249
b'yeahnet';b'\x00\x90L_\x00*';5;-87;0;1;1609459249
b'AAU-1x';b'l1\x0e\xf3U\xe0';6;-36;5;3;1609459249
b'AAU-1-DAY';b'l1\x0e\xf3U\xe1';6;-36;5;3;1609459249
b'AAU-CONF-1';b'l1\x0e\xf3U\xe2';6;-36;5;3;1609459249
b'eduroam';b'l1\x0e\xf3U\xe4';6;-35;5;3;1609459249
b'AAU';b'l1\x0e\xf3U\xe6';6;-35;0;3;1609459249
b'Bear';b'\xc2+\xf9\xcay\x07';6;-53;5;1;1609459249
b'AAU-1x';b'<Q\x0e\x13\xfd\x80';6;-72;5;1;1609459249
b'AAU-1-DAY';b'<Q\x0e\x13\xfd\x81';6;-76;5;1;1609459249
b'AAU-CONF-1';b'<Q\x0e\x13\xfd\x82';6;-71;5;1;1609459249
b'eduroam';b'<Q\x0e\x13\xfd\x84';6;-75;5;1;1609459249
b'AAU';b'<Q\x0e\x13\xfd\x86';6;-75;0;1;1609459249
b'';b'l1\x0e\xf3U\xe5';6;-37;0;1;1609459249
b'';b'l1\x0e\xf3U\xe7';6;-38;5;1;1609459249
b'TELLO-F251F6';b'4\xd2b\xf2Q\xf6';8;-62;0;7;1609459249
b'linksys';b'\x00\x14\xbf\x8a\xa3,';11;-88;5;1;1609459249
b'AAU';b'l1\x0e\xba\n\xa6';1;-71;0;2;1609459252
b'';b'l1\x0e\xba\n\xa7';1;-74;5;1;1609459252
b'AAU-1x';b'l1\x0e\xba\n\xa0';1;-71;5;1;1609459252
b'AAU-1-DAY';b'l1\x0e\xba\n\xa1';1;-75;5;1;1609459252
b'AAU-CONF-1';b'l1\x0e\xba\n\xa2';1;-71;5;1;1609459252
b'eduroam';b'l1\x0e\xba\n\xa4';1;-75;5;1;1609459252
b'yeahnet';b'\x00\x90L_\x00*';5;-89;0;1;1609459252
b'AAU-1x';b'l1\x0e\xf3U\xe0';6;-37;5;3;1609459252
b'AAU-1x';b'<Q\x0e\x13\xfd\x80';6;-75;5;1;1609459252
b'AAU-1-DAY';b'<Q\x0e\x13\xfd\x81';6;-80;5;1;1609459252
b'AAU-1-DAY';b'l1\x0e\xf3U\xe1';6;-35;5;3;1609459252
b'AAU-CONF-1';b'l1\x0e\xf3U\xe2';6;-38;5;3;1609459252
b'eduroam';b'l1\x0e\xf3U\xe4';6;-37;5;3;1609459252
b'AAU';b'l1\x0e\xf3U\xe6';6;-38;0;3;1609459252
b'AAU-CONF-1';b'<Q\x0e\x13\xfd\x82';6;-76;5;1;1609459252
b'eduroam';b'<Q\x0e\x13\xfd\x84';6;-80;5;1;1609459252
b'AAU';b'<Q\x0e\x13\xfd\x86';6;-75;0;1;1609459252
b'Bear';b'\xc2+\xf9\xcay\x07';6;-63;5;2;1609459252
b'';b'l1\x0e\xf3U\xe5';6;-41;0;1;1609459252
b'';b'l1\x0e\xf3U\xe7';6;-38;5;1;1609459252
b'TELLO-F251F6';b'4\xd2b\xf2Q\xf6';8;-60;0;7;1609459252
b'linksys';b'\x00\x14\xbf\x8a\xa3,';11;-92;5;2;1609459252
b'AAU-1x';b'l1\x0e\xba\n\xa0';1;-69;5;2;1609459255
b'AAU-1-DAY';b'l1\x0e\xba\n\xa1';1;-69;5;2;1609459255
b'AAU';b'l1\x0e\xba\n\xa6';1;-69;0;2;1609459255
b'AAU';b'l1\x0e\xe1\x0ff';1;-85;0;1;1609459255
b'AAU-CONF-1';b'l1\x0e\xba\n\xa2';1;-73;5;1;1609459255
b'eduroam';b'l1\x0e\xba\n\xa4';1;-73;5;1;1609459255
b'AAU-1-DAY';b'l1\x0e\xe1\x0fa';1;-82;5;1;1609459255
b'shl00-210420ab';b'4\x13\xe8\xcf4Q';1;-87;7;1;1609459255
b'AAU-CONF-1';b'l1\x0e\xe1\x0fb';1;-80;5;1;1609459255
b'AAU-1x';b'l1\x0e\xf3U\xe0';6;-39;5;2;1609459255
b'AAU-1-DAY';b'l1\x0e\xf3U\xe1';6;-37;5;2;1609459255
b'AAU-CONF-1';b'l1\x0e\xf3U\xe2';6;-38;5;2;1609459255
b'Bear';b'\xc2+\xf9\xcay\x07';6;-66;5;2;1609459255
b'eduroam';b'l1\x0e\xf3U\xe4';6;-41;5;2;1609459255
b'AAU';b'l1\x0e\xf3U\xe6';6;-38;0;3;1609459255
b'AAU-1x';b'<Q\x0e\x13\xfd\x80';6;-77;5;2;1609459255
b'AAU-1-DAY';b'<Q\x0e\x13\xfd\x81';6;-74;5;3;1609459255
b'AAU-CONF-1';b'<Q\x0e\x13\xfd\x82';6;-70;5;3;1609459255
b'eduroam';b'<Q\x0e\x13\xfd\x84';6;-73;5;2;1609459255
b'AAU';b'<Q\x0e\x13\xfd\x86';6;-79;0;2;1609459255
b'';b'l1\x0e\xf3U\xe7';6;-40;5;1;1609459255
b'TELLO-F251F6';b'4\xd2b\xf2Q\xf6';8;-60;0;4;1609459255
b'MiR_202303313';b'\x08U1>\xea\x0c';11;-74;7;3;1609459255
b'AAU-1x';b'l1\x0e\xba\n\xa0';1;-75;5;2;1609459257
b'AAU-1-DAY';b'l1\x0e\xba\n\xa1';1;-76;5;2;1609459257
b'AAU-CONF-1';b'l1\x0e\xba\n\xa2';1;-76;5;2;1609459257
b'eduroam';b'l1\x0e\xe1\x0fd';1;-80;5;1;1609459257
b'eduroam';b'l1\x0e\xba\n\xa4';1;-77;5;2;1609459257
b'AAU';b'l1\x0e\xba\n\xa6';1;-75;0;2;1609459257
b'AAU-1x';b'l1\x0e\xf3U\xe0';6;-45;5;2;1609459257
b'';b'l1\x0e\xf3U\xe5';6;-43;0;1;1609459257
b'AAU-1-DAY';b'l1\x0e\xf3U\xe1';6;-45;5;2;1609459257
b'Bear';b'\xc2+\xf9\xcay\x07';6;-55;5;2;1609459257
b'AAU-CONF-1';b'l1\x0e\xf3U\xe2';6;-46;5;2;1609459257
b'eduroam';b'l1\x0e\xf3U\xe4';6;-43;5;2;1609459257
b'AAU';b'l1\x0e\xf3U\xe6';6;-44;0;3;1609459257
b'';b'l1\x0e\xf3U\xe7';6;-45;5;1;1609459257
b'AAU-1x';b'<Q\x0e\x13\xfd\x80';6;-77;5;2;1609459257
b'AAU-1-DAY';b'<Q\x0e\x13\xfd\x81';6;-77;5;2;1609459257
b'AAU-CONF-1';b'<Q\x0e\x13\xfd\x82';6;-80;5;1;1609459257
b'eduroam';b'<Q\x0e\x13\xfd\x84';6;-79;5;1;1609459257
b'AAU';b'<Q\x0e\x13\xfd\x86';6;-79;0;1;1609459257
b'TELLO-F251F6';b'4\xd2b\xf2Q\xf6';8;-63;0;4;1609459257
b'linksys';b'\x00\x14\xbf\x8a\xa3,';11;-88;5;3;1609459257
b'AAU-CONF-1';b'l1\x0e\xba\n\xa2';1;-75;5;2;1609459260
b'shl00-210420ab';b'4\x13\xe8\xcf4Q';1;-77;7;2;1609459260
b'eduroam';b'l1\x0e\xba\n\xa4';1;-73;5;2;1609459260
b'';b'l1\x0e\xba\n\xa5';1;-72;0;1;1609459260
b'AAU-1x';b'l1\x0e\xba\n\xa0';1;-74;5;1;1609459260
b'AAU-1-DAY';b'l1\x0e\xba\n\xa1';1;-75;5;1;1609459260
b'AAU';b'l1\x0e\xba\n\xa6';1;-75;0;2;1609459260
b'AAU-CONF-1';b'l1\x0e\xe1\x0fb';1;-83;5;1;1609459260
b'';b'l1\x0e\xba\n\xa7';1;-72;5;1;1609459260
b'yeahnet';b'\x00\x90L_\x00*';5;-79;0;3;1609459260
b'';b'<Q\x0e\x13\xfd\x85';6;-78;0;1;1609459260
b'AAU-1x';b'l1\x0e\xf3U\xe0';6;-47;5;3;1609459260
b'AAU-1-DAY';b'l1\x0e\xf3U\xe1';6;-47;5;3;1609459260
b'AAU-CONF-1';b'l1\x0e\xf3U\xe2';6;-47;5;3;1609459260
b'eduroam';b'l1\x0e\xf3U\xe4';6;-44;5;2;1609459260
b'AAU';b'l1\x0e\xf3U\xe6';6;-48;0;2;1609459260
b'AAU';b'<Q\x0e\x13\xfd\x86';6;-77;0;1;1609459260
b'AAU-CONF-1';b'<Q\x0e\x13\xfd\x82';6;-79;5;1;1609459260
b'eduroam';b'<Q\x0e\x13\xfd\x84';6;-80;5;1;1609459260
b'TELLO-F251F6';b'4\xd2b\xf2Q\xf6';8;-61;0;5;1609459260
b'MiR_202303313';b'\x08U1>\xea\x0c';11;-88;7;1;1609459260
b'ZyXEL';b'\x00\x19\xcbYu\xde';13;-84;3;1;1609459260
b'AAU-1x';b'l1\x0e\xba\n\xa0';1;-72;5;2;1609459263
b'AAU-1-DAY';b'l1\x0e\xba\n\xa1';1;-74;5;2;1609459263
b'AAU-CONF-1';b'l1\x0e\xba\n\xa2';1;-71;5;3;1609459263
b'eduroam';b'l1\x0e\xba\n\xa4';1;-74;5;3;1609459263
b'AAU';b'l1\x0e\xba\n\xa6';1;-73;0;3;1609459263
b'shl00-210420ab';b'4\x13\xe8\xcf4Q';1;-80;7;1;1609459263
b'';b'l1\x0e\xba\n\xa5';1;-74;0;1;1609459263
b'';b'l1\x0e\xba\n\xa7';1;-73;5;1;1609459263
b'yeahnet';b'\x00\x90L_\x00*';5;-78;0;3;1609459263
b'AAU-1x';b'l1\x0e\xf3U\xe0';6;-52;5;3;1609459263
b'AAU-1-DAY';b'l1\x0e\xf3U\xe1';6;-51;5;3;1609459263
b'AAU-CONF-1';b'l1\x0e\xf3U\xe2';6;-52;5;3;1609459263
b'eduroam';b'l1\x0e\xf3U\xe4';6;-52;5;2;1609459263
b'AAU';b'l1\x0e\xf3U\xe6';6;-53;0;2;1609459263
b'AAU-1-DAY';b'<Q\x0e\x13\xfd\x81';6;-81;5;1;1609459263
b'AAU-CONF-1';b'<Q\x0e\x13\xfd\x82';6;-80;5;1;1609459263
b'eduroam';b'<Q\x0e\x13\xfd\x84';6;-79;5;1;1609459263
b'AAU';b'<Q\x0e\x13\xfd\x86';6;-80;0;1;1609459263
b'TELLO-F251F6';b'4\xd2b\xf2Q\xf6';8;-59;0;5;1609459263
b'AAU-1x';b'l1\x0e\xba\n\xa0';1;-77;5;2;1609459266
b'AAU-1-DAY';b'l1\x0e\xba\n\xa1';1;-75;5;2;1609459266
b'AAU-CONF-1';b'l1\x0e\xba\n\xa2';1;-74;5;2;1609459266
b'eduroam';b'l1\x0e\xba\n\xa4';1;-75;5;2;1609459266
b'AAU';b'l1\x0e\xba\n\xa6';1;-74;0;2;1609459266
b'shl00-210420ab';b'4\x13\xe8\xcf4Q';1;-79;7;2;1609459266
b'yeahnet';b'\x00\x90L_\x00*';5;-77;0;2;1609459266
b'Bear';b'\xc2+\xf9\xcay\x07';6;-63;5;3;1609459266
b'AAU-CONF-1';b'l1\x0e\xf3U\xe2';6;-54;5;3;1609459266
b'AAU-1x';b'l1\x0e\xf3U\xe0';6;-56;5;2;1609459266
b'AAU-1-DAY';b'l1\x0e\xf3U\xe1';6;-56;5;2;1609459266
b'eduroam';b'l1\x0e\xf3U\xe4';6;-55;5;2;1609459266
b'AAU';b'l1\x0e\xf3U\xe6';6;-54;0;2;1609459266
b'TELLO-F251F6';b'4\xd2b\xf2Q\xf6';8;-61;0;6;1609459266
b'MiR_202303313';b'\x08U1>\xea\x0c';11;-78;7;1;1609459266
b'AAU-1x';b'l1\x0e\xba\n\xa0';1;-77;5;2;1609459268
b'AAU-1-DAY';b'l1\x0e\xba\n\xa1';1;-77;5;2;1609459268
b'AAU-CONF-1';b'l1\x0e\xba\n\xa2';1;-79;5;2;1609459268
b'eduroam';b'l1\x0e\xba\n\xa4';1;-79;5;2;1609459268
b'AAU';b'l1\x0e\xba\n\xa6';1;-78;0;1;1609459268
b'shl00-210420ab';b'4\x13\xe8\xcf4Q';1;-91;7;2;1609459268
b'yeahnet';b'\x00\x90L_\x00*';5;-80;0;1;1609459268
b'AAU-1x';b'l1\x0e\xf3U\xe0';6;-55;5;2;1609459268
b'AAU-1-DAY';b'l1\x0e\xf3U\xe1';6;-56;5;2;1609459268
b'AAU-CONF-1';b'l1\x0e\xf3U\xe2';6;-56;5;2;1609459268
b'Bear';b'\xc2+\xf9\xcay\x07';6;-68;5;3;1609459268
b'eduroam';b'l1\x0e\xf3U\xe4';6;-54;5;2;1609459268
b'AAU';b'l1\x0e\xf3U\xe6';6;-56;0;3;1609459268
b'';b'l1\x0e\xf3U\xe7';6;-57;5;1;1609459268
b'TELLO-F251F6';b'4\xd2b\xf2Q\xf6';8;-64;0;5;1609459268
b'linksys';b'\x00\x14\xbf\x8a\xa3,';11;-90;5;2;1609459268
b'AAU-1-DAY';b'l1\x0e\xba\n\xa1';1;-75;5;3;1609459271
b'AAU-CONF-1';b'l1\x0e\xba\n\xa2';1;-74;5;2;1609459271
b'eduroam';b'l1\x0e\xba\n\xa4';1;-77;5;2;1609459271
b'AAU';b'l1\x0e\xba\n\xa6';1;-77;0;2;1609459271
b'AAU-1x';b'l1\x0e\xba\n\xa0';1;-75;5;2;1609459271
b'shl00-210420ab';b'4\x13\xe8\xcf4Q';1;-83;7;1;1609459271
b'yeahnet';b'\x00\x90L_\x00*';5;-86;0;1;1609459271
b'AAU-1x';b'<Q\x0e\x13\xfd\x80';6;-81;5;2;1609459271
b'AAU-1-DAY';b'<Q\x0e\x13\xfd\x81';6;-82;5;1;1609459271
b'AAU-1x';b'l1\x0e\xf3U\xe0';6;-61;5;2;1609459271
b'Bear';b'\xc2+\xf9\xcay\x07';6;-63;5;1;1609459271
b'AAU-CONF-1';b'<Q\x0e\x13\xfd\x82';6;-81;5;2;1609459271
b'AAU-1-DAY';b'l1\x0e\xf3U\xe1';6;-61;5;2;1609459271
b'AAU-CONF-1';b'l1\x0e\xf3U\xe2';6;-59;5;2;1609459271
b'eduroam';b'l1\x0e\xf3U\xe4';6;-60;5;2;1609459271
b'eduroam';b'<Q\x0e\x13\xfd\x84';6;-82;5;2;1609459271
b'AAU';b'l1\x0e\xf3U\xe6';6;-60;0;2;1609459271
b'AAU';b'<Q\x0e\x13\xfd\x86';6;-82;0;1;1609459271
b'TELLO-F251F6';b'4\xd2b\xf2Q\xf6';8;-66;0;4;1609459271
b'MiR_202303313';b'\x08U1>\xea\x0c';11;-86;7;1;1609459271
b'ZyXEL';b'\x00\x19\xcbYu\xde';13;-83;3;1;1609459271
b'AAU-1-DAY';b'l1\x0e\xba\n\xa1';1;-76;5;1;1609459274
b'AAU-CONF-1';b'l1\x0e\xba\n\xa2';1;-79;5;1;1609459274
b'eduroam';b'l1\x0e\xba\n\xa4';1;-77;5;1;1609459274
b'';b'l1\x0e\xba\n\xa5';1;-83;0;1;1609459274
b'yeahnet';b'\x00\x90L_\x00*';5;-76;0;4;1609459274
b'AAU-1x';b'l1\x0e\xf3U\xe0';6;-55;5;3;1609459274
b'AAU-1x';b'<Q\x0e\x13\xfd\x80';6;-82;5;1;1609459274
b'AAU-1-DAY';b'l1\x0e\xf3U\xe1';6;-55;5;3;1609459274
b'AAU-CONF-1';b'l1\x0e\xf3U\xe2';6;-54;5;2;1609459274
b'eduroam';b'l1\x0e\xf3U\xe4';6;-56;5;2;1609459274
b'AAU';b'l1\x0e\xf3U\xe6';6;-56;0;2;1609459274
b'AAU-1-DAY';b'<Q\x0e\x13\xfd\x81';6;-82;5;1;1609459274
b'AAU-CONF-1';b'<Q\x0e\x13\xfd\x82';6;-82;5;1;1609459274
b'eduroam';b'<Q\x0e\x13\xfd\x84';6;-80;5;2;1609459274
b'AAU';b'<Q\x0e\x13\xfd\x86';6;-81;0;1;1609459274
b'TELLO-F251F6';b'4\xd2b\xf2Q\xf6';8;-79;0;3;1609459274
b'ZyXEL';b'\x00\x19\xcbYu\xde';13;-86;3;1;1609459274
b'AAU-1-DAY';b'<Q\x0e.\x05\xe1';1;-82;5;1;1609459276
b'AAU';b'l1\x0e\xba\n\xa6';1;-79;0;1;1609459276
b'';b'l1\x0e\xba\n\xa7';1;-78;5;1;1609459276
b'shl00-210420ab';b'4\x13\xe8\xcf4Q';1;-79;7;1;1609459276
b'yeahnet';b'\x00\x90L_\x00*';5;-77;0;5;1609459276
b'AAU-1x';b'l1\x0e\xf3U\xe0';6;-61;5;3;1609459276
b'AAU-1-DAY';b'l1\x0e\xf3U\xe1';6;-60;5;3;1609459276
b'AAU-CONF-1';b'l1\x0e\xf3U\xe2';6;-61;5;3;1609459276
b'eduroam';b'l1\x0e\xf3U\xe4';6;-56;5;3;1609459276
b'AAU';b'l1\x0e\xf3U\xe6';6;-60;0;3;1609459276
b'AAU';b'<Q\x0e\x13\xfd\x86';6;-80;0;2;1609459276
b'Bear';b'\xc2+\xf9\xcay\x07';6;-68;5;1;1609459276
b'AAU-1x';b'<Q\x0e\x13\xfd\x80';6;-81;5;1;1609459276
b'AAU-1-DAY';b'<Q\x0e\x13\xfd\x81';6;-81;5;1;1609459276
b'AAU-CONF-1';b'<Q\x0e\x13\xfd\x82';6;-80;5;1;1609459276
b'eduroam';b'<Q\x0e\x13\xfd\x84';6;-81;5;1;1609459276
b'';b'l1\x0e\xf3U\xe5';6;-61;0;1;1609459276
b'TELLO-F251F6';b'4\xd2b\xf2Q\xf6';8;-66;0;4;1609459276
b'ZyXEL';b'\x00\x19\xcbYu\xde';13;-86;3;1;1609459276
b'shl00-210420ab';b'4\x13\xe8\xcf4Q';1;-83;7;2;1609459279
b'AAU-1x';b'<Q\x0e.\x05\xe0';1;-79;5;1;1609459279
b'AAU-1-DAY';b'<Q\x0e.\x05\xe1';1;-81;5;1;1609459279
b'AAU-CONF-1';b'<Q\x0e.\x05\xe2';1;-80;5;1;1609459279
b'eduroam';b'<Q\x0e.\x05\xe4';1;-83;5;1;1609459279
b'yeahnet';b'\x00\x90L_\x00*';5;-79;0;4;1609459279
b'AAU-1x';b'l1\x0e\xf3U\xe0';6;-60;5;2;1609459279
b'AAU-1-DAY';b'l1\x0e\xf3U\xe1';6;-59;5;2;1609459279
b'eduroam';b'l1\x0e\xf3U\xe4';6;-61;5;3;1609459279
b'AAU-CONF-1';b'l1\x0e\xf3U\xe2';6;-60;5;2;1609459279
b'AAU';b'l1\x0e\xf3U\xe6';6;-59;0;3;1609459279
b'';b'l1\x0e\xf3U\xe5';6;-64;0;1;1609459279
b'eduroam';b'<Q\x0e\x13\xfd\x84';6;-84;5;1;1609459279
b'AAU';b'<Q\x0e\x13\xfd\x86';6;-85;0;1;1609459279
b'Office TV';b'\xfa\x8f\xca8\xd40';6;-91;0;1;1609459279
b'';b'l1\x0e\xf3U\xe7';6;-63;5;1;1609459279
b'AAU-1x';b'<Q\x0e\x13\xfd\x80';6;-83;5;1;1609459279
b'TELLO-F251F6';b'4\xd2b\xf2Q\xf6';8;-71;0;3;1609459279
b'ZyXEL';b'\x00\x19\xcbYu\xde';13;-82;3;3;1609459279
b'shl00-210420ab';b'4\x13\xe8\xcf4Q';1;-90;7;1;1609459282
b'';b'<Q\x0e.\x05\xe5';1;-81;0;1;1609459282
b'eduroam';b'<Q\x0e.\x05\xe4';1;-83;5;1;1609459282
b'AAU';b'<Q\x0e.\x05\xe6';1;-83;0;1;1609459282
b'yeahnet';b'\x00\x90L_\x00*';5;-77;0;5;1609459282
b'AAU-1x';b'l1\x0e\xf3U\xe0';6;-61;5;2;1609459282
b'AAU-1-DAY';b'l1\x0e\xf3U\xe1';6;-62;5;2;1609459282
b'AAU-CONF-1';b'l1\x0e\xf3U\xe2';6;-59;5;2;1609459282
b'Bear';b'\xc2+\xf9\xcay\x07';6;-65;5;2;1609459282
b'eduroam';b'l1\x0e\xf3U\xe4';6;-61;5;3;1609459282
b'AAU';b'l1\x0e\xf3U\xe6';6;-59;0;3;1609459282
b'';b'l1\x0e\xf3U\xe5';6;-61;0;1;1609459282
b'';b'l1\x0e\xf3U\xe7';6;-60;5;1;1609459282
b'AAU-1x';b'<Q\x0e\x13\xfd\x80';6;-77;5;1;1609459282
b'TELLO-F251F6';b'4\xd2b\xf2Q\xf6';8;-69;0;5;1609459282
b'yeahnet';b'\x00\x90L_\x00*';5;-73;0;5;1609459284
b'AAU-1x';b'l1\x0e\xf3U\xe0';6;-61;5;2;1609459284
b'AAU-1-DAY';b'l1\x0e\xf3U\xe1';6;-63;5;2;1609459284
b'AAU-CONF-1';b'l1\x0e\xf3U\xe2';6;-60;5;2;1609459284
b'eduroam';b'l1\x0e\xf3U\xe4';6;-62;5;3;1609459284
b'AAU';b'l1\x0e\xf3U\xe6';6;-62;0;3;1609459284
b'';b'l1\x0e\xf3U\xe5';6;-62;0;1;1609459284
b'Bear';b'\xc2+\xf9\xcay\x07';6;-75;5;2;1609459284
b'';b'l1\x0e\xf3U\xe7';6;-63;5;1;1609459284
b'TELLO-F251F6';b'4\xd2b\xf2Q\xf6';8;-75;0;3;1609459284
b'ZyXEL';b'\x00\x19\xcbYu\xde';13;-82;3;2;1609459284
b'shl00-210420ab';b'4\x13\xe8\xcf4Q';1;-83;7;1;1609459287
b'AAU-1x';b'l1\x0e\xf3U\xe0';6;-59;5;2;1609459287
b'AAU-1-DAY';b'l1\x0e\xf3U\xe1';6;-59;5;2;1609459287
b'AAU-CONF-1';b'l1\x0e\xf3U\xe2';6;-60;5;2;1609459287
b'';b'l1\x0e\xf3U\xe7';6;-61;5;1;1609459287
b'eduroam';b'l1\x0e\xf3U\xe4';6;-60;5;2;1609459287
b'AAU';b'l1\x0e\xf3U\xe6';6;-60;0;2;1609459287
b'Bear';b'\xc2+\xf9\xcay\x07';6;-70;5;2;1609459287
b'yeahnet';b'\x00\x90L_\x00*';5;-75;0;3;1609459287
b'AAU-1x';b'<Q\x0e\x13\xfd\x80';6;-77;5;1;1609459287
b'AAU-CONF-1';b'<Q\x0e\x13\xfd\x82';6;-80;5;1;1609459287
b'TELLO-F251F6';b'4\xd2b\xf2Q\xf6';8;-71;0;3;1609459287
b'AAU-1-DAY';b'l1\x0e\xba\n\xa1';1;-70;5;2;1609459290
b'AAU-CONF-1';b'l1\x0e\xba\n\xa2';1;-70;5;2;1609459290
b'eduroam';b'l1\x0e\xba\n\xa4';1;-71;5;2;1609459290
b'AAU';b'l1\x0e\xba\n\xa6';1;-69;0;2;1609459290
b'AAU-1x';b'l1\x0e\xba\n\xa0';1;-68;5;1;1609459290
b'AAU-1-DAY';b'<Q\x0e.\x05\xe1';1;-83;5;1;1609459290
b'AAU-CONF-1';b'<Q\x0e.\x05\xe2';1;-83;5;1;1609459290
b'yeahnet';b'\x00\x90L_\x00*';5;-82;0;1;1609459290
b'eduroam';b'l1\x0e\xf3U\xe4';6;-61;5;3;1609459290
b'AAU';b'l1\x0e\xf3U\xe6';6;-61;0;3;1609459290
b'AAU-1x';b'l1\x0e\xf3U\xe0';6;-62;5;2;1609459290
b'AAU-1-DAY';b'l1\x0e\xf3U\xe1';6;-64;5;2;1609459290
b'AAU-CONF-1';b'l1\x0e\xf3U\xe2';6;-64;5;2;1609459290
b'Bear';b'\xc2+\xf9\xcay\x07';6;-64;5;1;1609459290
b'AAU-1-DAY';b'<Q\x0e\x13\xfd\x81';6;-81;5;1;1609459290
b'AAU-CONF-1';b'<Q\x0e\x13\xfd\x82';6;-82;5;1;1609459290
b'eduroam';b'<Q\x0e\x13\xfd\x84';6;-83;5;1;1609459290
b'TELLO-F251F6';b'4\xd2b\xf2Q\xf6';8;-64;0;5;1609459290
b'ZyXEL';b'\x00\x19\xcbYu\xde';13;-84;3;2;1609459290
b'AAU';b'<Q\x0e.\x05\xe6';1;-83;0;2;1609459292
b'AAU-1-DAY';b'<Q\x0e.\x05\xe1';1;-85;5;1;1609459292
b'yeahnet';b'\x00\x90L_\x00*';5;-73;0;5;1609459292
b'AAU-1x';b'l1\x0e\xf3U\xe0';6;-63;5;2;1609459292
b'AAU-1-DAY';b'l1\x0e\xf3U\xe1';6;-63;5;2;1609459292
b'AAU-CONF-1';b'l1\x0e\xf3U\xe2';6;-64;5;2;1609459292
b'eduroam';b'l1\x0e\xf3U\xe4';6;-63;5;2;1609459292
b'AAU';b'l1\x0e\xf3U\xe6';6;-64;0;2;1609459292
b'Bear';b'\xc2+\xf9\xcay\x07';6;-71;5;1;1609459292
b'TELLO-F251F6';b'4\xd2b\xf2Q\xf6';8;-66;0;4;1609459292
b'';b'<Q\x0e.\x05\xe7';1;-75;5;1;1609459295
b'AAU-1x';b'l1\x0e\xba\n\xa0';1;-73;5;3;1609459295
b'AAU-1x';b'<Q\x0e.\x05\xe0';1;-77;5;1;1609459295
b'eduroam';b'l1\x0e\xba\n\xa4';1;-71;5;2;1609459295
b'AAU';b'l1\x0e\xba\n\xa6';1;-71;0;2;1609459295
b'';b'l1\x0e\xe1\x0fe';1;-86;0;1;1609459295
b'';b"<Q\x0e\tQ'";1;-82;5;1;1609459295
b'AAU-CONF-1';b'l1\x0e\xba\n\xa2';1;-71;5;1;1609459295
b'AAU';b'<Q\x0e.\x05\xe6';1;-78;0;1;1609459295
b'shl00-210420ab';b'4\x13\xe8\xcf4Q';1;-82;7;1;1609459295
b'yeahnet';b'\x00\x90L_\x00*';5;-65;0;6;1609459295
b'Bear';b'\xc2+\xf9\xcay\x07';6;-67;5;3;1609459295
b'AAU-1-DAY';b'l1\x0e\xf3S\x81';6;-82;5;1;1609459295
b'AAU-CONF-1';b'l1\x0e\xf3S\x82';6;-80;5;1;1609459295
b'TELLO-F251F6';b'4\xd2b\xf2Q\xf6';8;-68;0;3;1609459295
b'ZyXEL';b'\x00\x19\xcbYu\xde';13;-87;3;2;1609459295
b'eduroam';b'l1\x0e\xba\n\xa4';1;-74;5;1;1609459298
b'eduroam';b'<Q\x0e.\x05\xe4';1;-78;5;1;1609459298
b'AAU';b'<Q\x0e.\x05\xe6';1;-76;0;1;1609459298
b'AAU-1-DAY';b'l1\x0e\xba\n\xa1';1;-78;5;1;1609459298
b'AAU';b'l1\x0e\xba\n\xa6';1;-78;0;1;1609459298
b'';b'l1\x0e\xba\n\xa5';1;-78;0;1;1609459298
b'AAU-1x';b'<Q\x0e.\x05\xe0';1;-76;5;1;1609459298
b'AAU-1-DAY';b'<Q\x0e.\x05\xe1';1;-79;5;1;1609459298
b'yeahnet';b'\x00\x90L_\x00*';5;-69;0;8;1609459298
b'AAU-1x';b'l1\x0e\xf3U\xe0';6;-65;5;3;1609459298
b'AAU-1-DAY';b'l1\x0e\xf3U\xe1';6;-64;5;3;1609459298
b'AAU-CONF-1';b'l1\x0e\xf3U\xe2';6;-65;5;2;1609459298
b'eduroam';b'l1\x0e\xf3U\xe4';6;-65;5;2;1609459298
b'AAU';b'l1\x0e\xf3U\xe6';6;-66;0;2;1609459298
b'TELLO-F251F6';b'4\xd2b\xf2Q\xf6';8;-73;0;5;1609459298
b'labnet_frb3b_2-103_mikroscop';b'\x04\xd9\xf5\x93\x07x';9;-83;5;1;1609459298
b'ZyXEL';b'\x00\x19\xcbYu\xde';13;-87;3;1;1609459298
b'AAU-1-DAY';b'<Q\x0e.\x05\xe1';1;-77;5;1;1609459300
b'AAU-CONF-1';b'<Q\x0e.\x05\xe2';1;-80;5;1;1609459300
b'AAU';b'<Q\x0e.\x05\xe6';1;-76;0;2;1609459300
b'TP-Link_4D10';b'<\x84j\x88M\x10';3;-89;5;2;1609459300
b'AAU-1x';b'<Q\x0e.\x05\xe0';1;-78;5;1;1609459300
b'yeahnet';b'\x00\x90L_\x00*';5;-66;0;8;1609459300
b'AAU-CONF-1';b'l1\x0e\xf3U\xe2';6;-72;5;2;1609459300
b'eduroam';b'l1\x0e\xf3U\xe4';6;-73;5;2;1609459300
b'AAU';b'l1\x0e\xf3U\xe6';6;-73;0;2;1609459300
b'AAU-1x';b'l1\x0e\xf3U\xe0';6;-74;5;2;1609459300
b'AAU-1-DAY';b'l1\x0e\xf3U\xe1';6;-73;5;1;1609459300
b'TELLO-F251F6';b'4\xd2b\xf2Q\xf6';8;-77;0;4;1609459300
b'shl00-210420ab';b'4\x13\xe8\xcf4Q';1;-85;7;1;1609459303
b'eduroam';b'<Q\x0e.\x05\xe4';1;-74;5;1;1609459303
b'AAU';b'<Q\x0e.\x05\xe6';1;-77;0;1;1609459303
b'eduroam';b'l1\x0e\xba\n\xa4';1;-82;5;1;1609459303
b'AAU-1x';b'<Q\x0e.\x05\xe0';1;-76;5;1;1609459303
b'yeahnet';b'\x00\x90L_\x00*';5;-69;0;9;1609459303
b'AAU-1x';b'l1\x0e\xf3U\xe0';6;-67;5;3;1609459303
b'AAU-1-DAY';b'l1\x0e\xf3U\xe1';6;-69;5;2;1609459303
b'AAU-CONF-1';b'l1\x0e\xf3U\xe2';6;-70;5;2;1609459303
b'eduroam';b'l1\x0e\xf3U\xe4';6;-71;5;2;1609459303
b'AAU';b'l1\x0e\xf3U\xe6';6;-71;0;2;1609459303
b'hpsetup';b'\xd6\xfa\xadRl\x95';6;-86;0;1;1609459303
b'TELLO-F251F6';b'4\xd2b\xf2Q\xf6';8;-81;0;3;1609459303
b'MiR_202303313';b'\x08U1>\xea\x0c';11;-93;7;1;1609459303
b'labnet_frb3b_2-103_mikroscop';b'\x04\xd9\xf5\x93\x07x';9;-88;5;1;1609459303
b'AAU-CONF-1';b'<Q\x0e.\x05\xe2';1;-74;5;1;1609459306
b'eduroam';b'<Q\x0e.\x05\xe4';1;-76;5;1;1609459306
b'yeahnet';b'\x00\x90L_\x00*';5;-72;0;6;1609459306
b'AAU-1x';b'l1\x0e\xf3U\xe0';6;-73;5;1;1609459306
b'AAU-1-DAY';b'l1\x0e\xf3U\xe1';6;-72;5;1;1609459306
b'AAU-CONF-1';b'l1\x0e\xf3U\xe2';6;-71;5;1;1609459306
b'eduroam';b'l1\x0e\xf3U\xe4';6;-73;5;1;1609459306
b'AAU';b'l1\x0e\xf3U\xe6';6;-71;0;2;1609459306
b'hpsetup';b'\xd6\xfa\xadRl\x95';6;-87;0;1;1609459306
b'TELLO-F251F6';b'4\xd2b\xf2Q\xf6';8;-77;0;5;1609459306
b'labnet_frb3b_2-103_mikroscop';b'\x04\xd9\xf5\x93\x07x';9;-80;5;3;1609459306
b'Bamses_Hytte';b'd \x9f\x1bV(';13;-89;5;1;1609459306
b'AAU-1x';b'<Q\x0e.\x05\xe0';1;-72;5;2;1609459308
b'AAU-1-DAY';b'<Q\x0e.\x05\xe1';1;-72;5;2;1609459308
b'AAU-CONF-1';b'<Q\x0e.\x05\xe2';1;-76;5;2;1609459308
b'eduroam';b'<Q\x0e.\x05\xe4';1;-72;5;2;1609459308
b'AAU';b'<Q\x0e.\x05\xe6';1;-73;0;2;1609459308
b'yeahnet';b'\x00\x90L_\x00*';5;-75;0;3;1609459308
b'AAU-1x';b'l1\x0e\xf3U\xe0';6;-73;5;1;1609459308
b'AAU-1-DAY';b'l1\x0e\xf3U\xe1';6;-75;5;1;1609459308
b'AAU-CONF-1';b'l1\x0e\xf3U\xe2';6;-75;5;1;1609459308
b'eduroam';b'l1\x0e\xf3U\xe4';6;-72;5;1;1609459308
b'AAU';b'l1\x0e\xf3U\xe6';6;-75;0;1;1609459308
b'TELLO-F251F6';b'4\xd2b\xf2Q\xf6';8;-85;0;1;1609459308
b'AAU-1x';b'l1\x0e\xba\x00\xe0';11;-80;5;1;1609459308
b'AAU-1-DAY';b'l1\x0e\xba\x00\xe1';11;-81;5;1;1609459308
b'AAU';b'l1\x0e\xba\x00\xe6';11;-81;0;1;1609459308
b'Bamses_Hytte';b'd \x9f\x1bV(';13;-86;5;2;1609459308
b'AAU-1-DAY';b'<Q\x0e.\x05\xe1';1;-70;5;1;1609459311
b'AAU-CONF-1';b'<Q\x0e.\x05\xe2';1;-70;5;1;1609459311
b'eduroam';b'<Q\x0e.\x05\xe4';1;-70;5;1;1609459311
b'AAU';b'<Q\x0e.\x05\xe6';1;-73;0;1;1609459311
b'steinwurf-24GHz';b'\xfc4\x97NK\xf0';3;-86;5;1;1609459311
b'yeahnet';b'\x00\x90L_\x00*';5;-71;0;5;1609459311
b'AAU-1x';b'l1\x0e\xf3U\xe0';6;-77;5;1;1609459311
b'AAU-1-DAY';b'l1\x0e\xf3U\xe1';6;-76;5;1;1609459311
b'AAU-CONF-1';b'l1\x0e\xf3U\xe2';6;-74;5;1;1609459311
b'eduroam';b'l1\x0e\xf3U\xe4';6;-75;5;1;1609459311
b'AAU';b'l1\x0e\xf3U\xe6';6;-74;0;1;1609459311
b'TELLO-F251F6';b'4\xd2b\xf2Q\xf6';8;-84;0;2;1609459311
b'labnet_frb3b_2-103_mikroscop';b'\x04\xd9\xf5\x93\x07x';9;-88;5;2;1609459311
b'AAU';b'l1\x0e\xba\x00\xe6';11;-82;0;1;1609459311
b'Bamses_Hytte';b'd \x9f\x1bV(';13;-88;5;1;1609459311
b'AAU-1x';b'<Q\x0e.\x05\xe0';1;-63;5;2;1609459314
b'AAU-1-DAY';b'<Q\x0e.\x05\xe1';1;-65;5;2;1609459314
b'AAU-CONF-1';b'<Q\x0e.\x05\xe2';1;-67;5;2;1609459314
b'eduroam';b'<Q\x0e.\x05\xe4';1;-64;5;2;1609459314
b'AAU';b'<Q\x0e.\x05\xe6';1;-66;0;2;1609459314
b'yeahnet';b'\x00\x90L_\x00*';5;-66;0;6;1609459314
b'AAU-1x';b'l1\x0e\xf3U\xe0';6;-73;5;2;1609459314
b'AAU-1-DAY';b'l1\x0e\xf3U\xe1';6;-72;5;1;1609459314
b'AAU-CONF-1';b'l1\x0e\xf3U\xe2';6;-72;5;2;1609459314
b'eduroam';b'l1\x0e\xf3U\xe4';6;-73;5;2;1609459314
b'AAU';b'l1\x0e\xf3U\xe6';6;-73;0;2;1609459314
b'AAU-1x';b'l1\x0e\xf3S\x80';6;-81;5;1;1609459314
b'TELLO-F251F6';b'4\xd2b\xf2Q\xf6';8;-86;0;3;1609459314
b'Bamses_Hytte';b'd \x9f\x1bV(';13;-92;5;1;1609459314
b'AAU-1x';b'<Q\x0e\tQ ';1;-80;5;2;1609459316
b'AAU-1-DAY';b'<Q\x0e\tQ!';1;-81;5;1;1609459316
b'AAU-1x';b'<Q\x0e.\x05\xe0';1;-66;5;2;1609459316
b'AAU-CONF-1';b'<Q\x0e\tQ"';1;-82;5;2;1609459316
b'AAU-1-DAY';b'<Q\x0e.\x05\xe1';1;-63;5;2;1609459316
b'AAU';b'<Q\x0e\tQ&';1;-82;0;2;1609459316
b'AAU-CONF-1';b'<Q\x0e.\x05\xe2';1;-61;5;2;1609459316
b'eduroam';b'<Q\x0e.\x05\xe4';1;-60;5;2;1609459316
b'AAU';b'<Q\x0e.\x05\xe6';1;-63;0;2;1609459316
b'eduroam';b'<Q\x0e\tQ$';1;-82;5;1;1609459316
b'yeahnet';b'\x00\x90L_\x00*';5;-55;0;7;1609459316
b'AAU-CONF-1';b'l1\x0e\xf3S\x82';6;-76;5;2;1609459316
b'AAU-1x';b'l1\x0e\xf3S\x80';6;-78;5;2;1609459316
b'AAU-1-DAY';b'l1\x0e\xf3S\x81';6;-78;5;1;1609459316
b'eduroam';b'l1\x0e\xf3S\x84';6;-77;5;1;1609459316
b'AAU';b'l1\x0e\xf3S\x86';6;-76;0;1;1609459316
b'Office TV';b'\xfa\x8f\xca8\xd40';6;-83;0;1;1609459316
b'TELLO-F251F6';b'4\xd2b\xf2Q\xf6';8;-88;0;1;1609459316
b'AAU';b'<Q\x0e\tQ&';1;-79;0;2;1609459319
b'AAU-1x';b'<Q\x0e\tQ ';1;-83;5;1;1609459319
b'AAU-1-DAY';b'<Q\x0e\tQ!';1;-80;5;1;1609459319
b'AAU-CONF-1';b'<Q\x0e\tQ"';1;-80;5;1;1609459319
b'eduroam';b'<Q\x0e\tQ$';1;-80;5;1;1609459319
b'yeahnet';b'\x00\x90L_\x00*';5;-50;0;5;1609459319
b'Office TV';b'\xfa\x8f\xca8\xd40';6;-76;0;1;1609459319
b'AAU-1x';b'l1\x0e\xf3S\x80';6;-74;5;2;1609459319
b'AAU-CONF-1';b'l1\x0e\xf3S\x82';6;-73;5;2;1609459319
b'AAU-CONF-1';b'l1\x0e\xf3U\xe2';6;-82;5;1;1609459319
b'AAU';b'l1\x0e\xf3U\xe6';6;-79;0;2;1609459319
b'AAU-1-DAY';b'l1\x0e\xf3S\x81';6;-72;5;2;1609459319
b'TELLO-F251F6';b'4\xd2b\xf2Q\xf6';8;-88;0;1;1609459319
b'Bamses_Hytte';b'd \x9f\x1bV(';13;-91;5;1;1609459319
b'AAU-1x';b'<Q\x0e.\x05\xe0';1;-60;5;2;1609459322
b'AAU-1x';b'<Q\x0e\tQ ';1;-76;5;2;1609459322
b'AAU-1-DAY';b'<Q\x0e\tQ!';1;-76;5;2;1609459322
b'AAU-1-DAY';b'<Q\x0e.\x05\xe1';1;-59;5;2;1609459322
b'';b"<Q\x0e\tQ'";1;-79;5;1;1609459322
b'AAU-CONF-1';b'<Q\x0e\tQ"';1;-77;5;2;1609459322
b'AAU-CONF-1';b'<Q\x0e.\x05\xe2';1;-59;5;2;1609459322
b'AAU';b'<Q\x0e\tQ&';1;-80;0;2;1609459322
b'eduroam';b'<Q\x0e.\x05\xe4';1;-61;5;2;1609459322
b'AAU';b'<Q\x0e.\x05\xe6';1;-58;0;2;1609459322
b'eduroam';b'<Q\x0e\tQ$';1;-80;5;1;1609459322
b'yeahnet';b'\x00\x90L_\x00*';5;-58;0;7;1609459322
b'AAU-1x';b'l1\x0e\xf3S\x80';6;-72;5;2;1609459322
b'AAU-CONF-1';b'l1\x0e\xf3S\x82';6;-73;5;2;1609459322
b'eduroam';b'l1\x0e\xf3S\x84';6;-76;5;1;1609459322
b'AAU';b'l1\x0e\xf3S\x86';6;-77;0;1;1609459322
b'Office TV';b'\xfa\x8f\xca8\xd40';6;-73;0;1;1609459322
b'Bamses_Hytte';b'd \x9f\x1bV(';13;-95;5;1;1609459322
b'AAU-1x';b'<Q\x0e.\x05\xe0';1;-56;5;2;1609459325
b'AAU-1-DAY';b'<Q\x0e.\x05\xe1';1;-57;5;2;1609459325
b'AAU-CONF-1';b'<Q\x0e.\x05\xe2';1;-56;5;2;1609459325
b'eduroam';b'<Q\x0e.\x05\xe4';1;-57;5;2;1609459325
b'AAU';b'<Q\x0e.\x05\xe6';1;-60;0;2;1609459325
b'AAU-1-DAY';b'<Q\x0e\tQ!';1;-82;5;1;1609459325
b'AAU-CONF-1';b'<Q\x0e\tQ"';1;-79;5;1;1609459325
b'eduroam';b'<Q\x0e\tQ$';1;-81;5;1;1609459325
b'AAU';b'<Q\x0e\tQ&';1;-83;0;1;1609459325
b'yeahnet';b'\x00\x90L_\x00*';5;-50;0;6;1609459325
b'AAU-1-DAY';b'l1\x0e\xf3S\x81';6;-73;5;1;1609459325
b'AAU-CONF-1';b'l1\x0e\xf3S\x82';6;-74;5;1;1609459325
b'AAU-1x';b'l1\x0e\xf3S\x80';6;-82;5;1;1609459325
b'AAU';b'l1\x0e\xf3S\x86';6;-77;0;1;1609459325
b'eduroam';b'l1\x0e\xf3S\x84';6;-74;5;1;1609459325
b'';b'l1\x0e\xf3S\x85';6;-77;0;1;1609459325
b'AAU-1x';b'<Q\x0e.\x05\xe0';1;-56;5;3;1609459327
b'AAU-1-DAY';b'<Q\x0e.\x05\xe1';1;-58;5;2;1609459327
b'AAU-CONF-1';b'<Q\x0e.\x05\xe2';1;-59;5;2;1609459327
b'eduroam';b'<Q\x0e.\x05\xe4';1;-59;5;2;1609459327
b'AAU';b'<Q\x0e.\x05\xe6';1;-57;0;2;1609459327
b'AAU-1-DAY';b'<Q\x0e\tQ!';1;-77;5;1;1609459327
b'AAU-CONF-1';b'<Q\x0e\tQ"';1;-76;5;1;1609459327
b'eduroam';b'<Q\x0e\tQ$';1;-78;5;1;1609459327
b'AAU';b'<Q\x0e\tQ&';1;-77;0;1;1609459327
b'yeahnet';b'\x00\x90L_\x00*';5;-55;0;9;1609459327
b'AAU-1x';b'l1\x0e\xf3S\x80';6;-72;5;3;1609459327
b'AAU-1-DAY';b'l1\x0e\xf3S\x81';6;-74;5;3;1609459327
b'AAU-CONF-1';b'l1\x0e\xf3S\x82';6;-74;5;3;1609459327
b'eduroam';b'l1\x0e\xf3S\x84';6;-73;5;3;1609459327
b'AAU';b'l1\x0e\xf3S\x86';6;-70;0;2;1609459327
b'';b'l1\x0e\xf3S\x85';6;-75;0;1;1609459327
b'AAU-1x';b'<Q\x0e\tQ ';1;-80;5;1;1609459330
b'AAU-1-DAY';b'<Q\x0e.\x05\xe1';1;-58;5;1;1609459330
b'AAU';b'<Q\x0e.\x05\xe6';1;-58;0;1;1609459330
b'AAU-CONF-1';b'<Q\x0e\tQ"';1;-82;5;1;1609459330
b'eduroam';b'<Q\x0e\tQ$';1;-80;5;1;1609459330
b'AAU';b'<Q\x0e\tQ&';1;-79;0;2;1609459330
b'yeahnet';b'\x00\x90L_\x00*';5;-49;0;8;1609459330
b'AAU-1x';b'l1\x0e\xf3S\x80';6;-70;5;3;1609459330
b'AAU-1-DAY';b'l1\x0e\xf3S\x81';6;-72;5;3;1609459330
b'AAU-CONF-1';b'l1\x0e\xf3S\x82';6;-71;5;3;1609459330
b'eduroam';b'l1\x0e\xf3S\x84';6;-69;5;3;1609459330
b'AAU';b'l1\x0e\xf3S\x86';6;-71;0;3;1609459330
b'';b'l1\x0e\xf3S\x85';6;-72;0;1;1609459330
b'AAU-1x';b'<Q\x0e.\x05\xe0';1;-50;5;3;1609459333
b'AAU-1-DAY';b'<Q\x0e.\x05\xe1';1;-50;5;3;1609459333
b'AAU-CONF-1';b'<Q\x0e.\x05\xe2';1;-49;5;2;1609459333
b'eduroam';b'<Q\x0e.\x05\xe4';1;-51;5;2;1609459333
b'AAU';b'<Q\x0e.\x05\xe6';1;-51;0;2;1609459333
b'yeahnet';b'\x00\x90L_\x00*';5;-56;0;8;1609459333
b'AAU-1-DAY';b'l1\x0e\xf3S\x81';6;-72;5;2;1609459333
b'AAU-CONF-1';b'l1\x0e\xf3S\x82';6;-69;5;2;1609459333
b'eduroam';b'l1\x0e\xf3S\x84';6;-70;5;2;1609459333
b'AAU-1x';b'l1\x0e\xf3S\x80';6;-69;5;1;1609459333
b'AAU';b'l1\x0e\xf3S\x86';6;-69;0;2;1609459333
b'';b'l1\x0e\xf3S\x85';6;-75;0;1;1609459333
b'';b'l1\x0e\xf3S\x87';6;-70;5;1;1609459333
b'AAU-1x';b'<Q\x0e.\x05\xe0';1;-45;5;2;1609459335
b'AAU-1-DAY';b'<Q\x0e.\x05\xe1';1;-46;5;2;1609459335
b'AAU-CONF-1';b'<Q\x0e.\x05\xe2';1;-42;5;1;1609459335
b'eduroam';b'<Q\x0e.\x05\xe4';1;-44;5;1;1609459335
b'AAU';b'<Q\x0e.\x05\xe6';1;-47;0;1;1609459335
b'yeahnet';b'\x00\x90L_\x00*';5;-55;0;6;1609459335
b'AAU-1x';b'l1\x0e\xf3S\x80';6;-70;5;3;1609459335
b'AAU-1-DAY';b'l1\x0e\xf3S\x81';6;-71;5;3;1609459335
b'AAU-CONF-1';b'l1\x0e\xf3S\x82';6;-71;5;2;1609459335
b'eduroam';b'l1\x0e\xf3S\x84';6;-73;5;1;1609459335
b'AAU';b'l1\x0e\xf3S\x86';6;-72;0;3;1609459335
b'AAU-1x';b'<Q\x0e.\x05\xe0';1;-38;5;3;1609459338
b'AAU-1x';b'<Q\x0e\tQ ';1;-79;5;3;1609459338
b'AAU-1-DAY';b'<Q\x0e\tQ!';1;-77;5;3;1609459338
b'AAU-CONF-1';b'<Q\x0e\tQ"';1;-77;5;2;1609459338
b'AAU-1-DAY';b'<Q\x0e.\x05\xe1';1;-38;5;3;1609459338
b'eduroam';b'<Q\x0e\tQ$';1;-79;5;2;1609459338
b'AAU';b'<Q\x0e\tQ&';1;-79;0;2;1609459338
b'AAU-CONF-1';b'<Q\x0e.\x05\xe2';1;-38;5;3;1609459338
b'eduroam';b'<Q\x0e.\x05\xe4';1;-38;5;3;1609459338
b'AAU';b'<Q\x0e.\x05\xe6';1;-40;0;2;1609459338
b'Xiaomi_61E2';b'\x9c\x9d~aa\xe3';1;-88;7;2;1609459338
b'yeahnet';b'\x00\x90L_\x00*';5;-61;0;7;1609459338
b'Office TV';b'\xfa\x8f\xca8\xd40';6;-81;0;1;1609459338
b'AAU-1x';b'l1\x0e\xf3S\x80';6;-69;5;2;1609459338
b'AAU-1-DAY';b'l1\x0e\xf3S\x81';6;-69;5;2;1609459338
b'AAU-CONF-1';b'l1\x0e\xf3S\x82';6;-68;5;2;1609459338
b'eduroam';b'l1\x0e\xf3S\x84';6;-66;5;3;1609459338
b'AAU';b'l1\x0e\xf3S\x86';6;-66;0;2;1609459338
b'';b'l1\x0e\xf3S\x85';6;-69;0;1;1609459338
b'';b'l1\x0e\xf3S\x87';6;-75;5;1;1609459338
b'AAU-1x';b'<Q\x0e\tQ ';1;-79;5;1;1609459341
b'AAU-1x';b'<Q\x0e.\x05\xe0';1;-38;5;2;1609459341
b'AAU-1-DAY';b'<Q\x0e.\x05\xe1';1;-38;5;2;1609459341
b'AAU-CONF-1';b'<Q\x0e.\x05\xe2';1;-38;5;1;1609459341
b'eduroam';b'<Q\x0e.\x05\xe4';1;-40;5;1;1609459341
b'AAU';b'<Q\x0e.\x05\xe6';1;-37;0;1;1609459341
b'AAU-1-DAY';b'<Q\x0e\tQ!';1;-77;5;1;1609459341
b'AAU-CONF-1';b'<Q\x0e\tQ"';1;-75;5;1;1609459341
b'eduroam';b'<Q\x0e\tQ$';1;-76;5;1;1609459341
b'AAU';b'<Q\x0e\tQ&';1;-76;0;1;1609459341
b'yeahnet';b'\x00\x90L_\x00*';5;-55;0;7;1609459341
b'AAU-1x';b'l1\x0e\xf3S\x80';6;-67;5;3;1609459341
b'Office TV';b'\xfa\x8f\xca8\xd40';6;-68;0;3;1609459341
b'AAU-1-DAY';b'l1\x0e\xf3S\x81';6;-68;5;3;1609459341
b'AAU-CONF-1';b'l1\x0e\xf3S\x82';6;-66;5;3;1609459341
b'eduroam';b'l1\x0e\xf3S\x84';6;-67;5;3;1609459341
b'AAU';b'l1\x0e\xf3S\x86';6;-66;0;3;1609459341
b'';b'l1\x0e\xf3S\x85';6;-70;0;1;1609459341
b'';b'l1\x0e\xf3S\x87';6;-67;5;1;1609459341
b'AAU-1x';b'<Q\x0e.\x05\xe0';1;-51;5;2;1609459344
b'AAU-1-DAY';b'<Q\x0e.\x05\xe1';1;-50;5;2;1609459344
b'AAU-CONF-1';b'<Q\x0e.\x05\xe2';1;-49;5;2;1609459344
b'eduroam';b'<Q\x0e.\x05\xe4';1;-48;5;3;1609459344
b'AAU';b'<Q\x0e.\x05\xe6';1;-48;0;2;1609459344
b'AAU-1x';b'<Q\x0e\tQ ';1;-77;5;2;1609459344
b'Xiaomi_61E2';b'\x9c\x9d~aa\xe3';1;-87;7;1;1609459344
b'eduroam';b'<Q\x0e\tQ$';1;-75;5;2;1609459344
b'AAU';b'<Q\x0e\tQ&';1;-79;0;2;1609459344
b'AAU-1-DAY';b'<Q\x0e\tQ!';1;-78;5;1;1609459344
b'AAU-CONF-1';b'<Q\x0e\tQ"';1;-79;5;1;1609459344
b'yeahnet';b'\x00\x90L_\x00*';5;-53;0;7;1609459344
b'AAU-1x';b'l1\x0e\xf3S\x80';6;-66;5;3;1609459344
b'AAU-1-DAY';b'l1\x0e\xf3S\x81';6;-67;5;3;1609459344
b'AAU-CONF-1';b'l1\x0e\xf3S\x82';6;-66;5;3;1609459344
b'eduroam';b'l1\x0e\xf3S\x84';6;-66;5;3;1609459344
b'AAU';b'l1\x0e\xf3S\x86';6;-66;0;2;1609459344
b'Office TV';b'\xfa\x8f\xca8\xd40';6;-70;0;1;1609459344
b'';b'l1\x0e\xf3S\x85';6;-71;0;1;1609459344
b'TELLO-F251F6';b'4\xd2b\xf2Q\xf6';8;-92;0;1;1609459344
b'AAU-1x';b'<Q\x0e.\x05\xe0';1;-48;5;2;1609459346
b'AAU-1-DAY';b'<Q\x0e.\x05\xe1';1;-47;5;2;1609459346
b'AAU-1x';b'<Q\x0e\tQ ';1;-74;5;1;1609459346
b'AAU-CONF-1';b'<Q\x0e.\x05\xe2';1;-49;5;2;1609459346
b'eduroam';b'<Q\x0e.\x05\xe4';1;-48;5;2;1609459346
b'AAU';b'<Q\x0e.\x05\xe6';1;-46;0;2;1609459346
b'AAU-1-DAY';b'<Q\x0e\tQ!';1;-73;5;1;1609459346
b'AAU-CONF-1';b'<Q\x0e\tQ"';1;-74;5;1;1609459346
b'eduroam';b'<Q\x0e\tQ$';1;-73;5;1;1609459346
b'AAU';b'<Q\x0e\tQ&';1;-73;0;1;1609459346
b'Xiaomi_61E2';b'\x9c\x9d~aa\xe3';1;-84;7;1;1609459346
b'yeahnet';b'\x00\x90L_\x00*';5;-57;0;8;1609459346
b'Office TV';b'\xfa\x8f\xca8\xd40';6;-81;0;2;1609459346
b'AAU-1x';b'l1\x0e\xf3S\x80';6;-65;5;3;1609459346
b'AAU-1-DAY';b'l1\x0e\xf3S\x81';6;-63;5;2;1609459346
b'AAU-CONF-1';b'l1\x0e\xf3S\x82';6;-62;5;3;1609459346
b'eduroam';b'l1\x0e\xf3S\x84';6;-62;5;3;1609459346
b'AAU';b'l1\x0e\xf3S\x86';6;-63;0;2;1609459346
b'';b'l1\x0e\xf3S\x85';6;-64;0;1;1609459346
b'AAU-1x';b'<Q\x0e.\x05\xe0';1;-59;5;1;1609459349
b'AAU-1-DAY';b'<Q\x0e.\x05\xe1';1;-54;5;1;1609459349
b'AAU-CONF-1';b'<Q\x0e.\x05\xe2';1;-52;5;1;1609459349
b'eduroam';b'<Q\x0e.\x05\xe4';1;-52;5;1;1609459349
b'AAU';b'<Q\x0e.\x05\xe6';1;-56;0;1;1609459349
b'AAU-CONF-1';b'<Q\x0e\tQ"';1;-77;5;1;1609459349
b'eduroam';b'<Q\x0e\tQ$';1;-79;5;1;1609459349
b'AAU';b'<Q\x0e\tQ&';1;-78;0;1;1609459349
b'yeahnet';b'\x00\x90L_\x00*';5;-62;0;4;1609459349
b'AAU-1x';b'l1\x0e\xf3S\x80';6;-61;5;3;1609459349
b'Office TV';b'\xfa\x8f\xca8\xd40';6;-63;0;1;1609459349
b'AAU-1-DAY';b'l1\x0e\xf3S\x81';6;-62;5;3;1609459349
b'AAU-CONF-1';b'l1\x0e\xf3S\x82';6;-62;5;2;1609459349
b'eduroam';b'l1\x0e\xf3S\x84';6;-62;5;2;1609459349
b'AAU';b'l1\x0e\xf3S\x86';6;-63;0;3;1609459349
b'';b'l1\x0e\xf3S\x85';6;-64;0;1;1609459349
b'';b'l1\x0e\xf3S\x87';6;-63;5;1;1609459349
b'eduroam';b'<Q\x0e\tQ$';1;-77;5;2;1609459352
b'AAU-1x';b'<Q\x0e.\x05\xe0';1;-60;5;2;1609459352
b'AAU-1-DAY';b'<Q\x0e.\x05\xe1';1;-62;5;2;1609459352
b'AAU-CONF-1';b'<Q\x0e.\x05\xe2';1;-59;5;2;1609459352
b'eduroam';b'<Q\x0e.\x05\xe4';1;-59;5;2;1609459352
b'AAU-1x';b'<Q\x0e\tQ ';1;-79;5;1;1609459352
b'AAU';b'<Q\x0e.\x05\xe6';1;-60;0;2;1609459352
b'AAU-1-DAY';b'<Q\x0e\tQ!';1;-77;5;1;1609459352
b'AAU-CONF-1';b'<Q\x0e\tQ"';1;-79;5;1;1609459352
b'Xiaomi_61E2';b'\x9c\x9d~aa\xe3';1;-90;7;2;1609459352
b'';b'<Q\x0e\tQ%';1;-80;0;1;1609459352
b'AAU';b'<Q\x0e\tQ&';1;-78;0;1;1609459352
b'AAU-1-DAY';b'<Q\x0e\tD\xc1';1;-86;5;1;1609459352
b'AAU';b'<Q\x0e\tD\xc6';1;-85;0;1;1609459352
b'yeahnet';b'\x00\x90L_\x00*';5;-59;0;6;1609459352
b'AAU';b'l1\x0e\xf3S\x86';6;-58;0;3;1609459352
b'AAU-1x';b'l1\x0e\xf3S\x80';6;-60;5;3;1609459352
b'AAU-1-DAY';b'l1\x0e\xf3S\x81';6;-61;5;2;1609459352
b'AAU-CONF-1';b'l1\x0e\xf3S\x82';6;-59;5;2;1609459352
b'eduroam';b'l1\x0e\xf3S\x84';6;-60;5;2;1609459352
b'Office TV';b'\xfa\x8f\xca8\xd40';6;-70;0;2;1609459352
b'AAU-1x';b'<Q\x0e\tQ ';1;-72;5;2;1609459354
b'AAU-1x';b'<Q\x0e.\x05\xe0';1;-57;5;2;1609459354
b'AAU-1-DAY';b'<Q\x0e.\x05\xe1';1;-58;5;2;1609459354
b'';b'<Q\x0e\tD\xc5';1;-82;0;1;1609459354
b'AAU-1x';b'<Q\x0e\tD\xc0';1;-80;5;2;1609459354
b'AAU-CONF-1';b'<Q\x0e.\x05\xe2';1;-59;5;2;1609459354
b'eduroam';b'<Q\x0e.\x05\xe4';1;-58;5;2;1609459354
b'AAU';b'<Q\x0e.\x05\xe6';1;-58;0;2;1609459354
b'AAU';b'<Q\x0e\tQ&';1;-72;0;3;1609459354
b'AAU-1-DAY';b'<Q\x0e\tQ!';1;-71;5;2;1609459354
b'AAU-CONF-1';b'<Q\x0e\tQ"';1;-72;5;2;1609459354
b'AAU-1-DAY';b'<Q\x0e\tD\xc1';1;-82;5;1;1609459354
b'eduroam';b'<Q\x0e\tQ$';1;-70;5;2;1609459354
b'AAU-CONF-1';b'<Q\x0e\tD\xc2';1;-81;5;1;1609459354
b'Xiaomi_61E2';b'\x9c\x9d~aa\xe3';1;-86;7;4;1609459354
b'';b'<Q\x0e\tD\xc7';1;-82;5;1;1609459354
b'eduroam';b'<Q\x0e\tD\xc4';1;-82;5;2;1609459354
b'AAU';b'<Q\x0e\tD\xc6';1;-81;0;2;1609459354
b'yeahnet';b'\x00\x90L_\x00*';5;-62;0;9;1609459354
b'Office TV';b'\xfa\x8f\xca8\xd40';6;-64;0;3;1609459354
b'AAU-1x';b'l1\x0e\xf3S\x80';6;-59;5;3;1609459354
b'AAU-1-DAY';b'l1\x0e\xf3S\x81';6;-62;5;3;1609459354
b'AAU-CONF-1';b'l1\x0e\xf3S\x82';6;-60;5;2;1609459354
b'eduroam';b'l1\x0e\xf3S\x84';6;-61;5;1;1609459354
b'AAU';b'l1\x0e\xf3S\x86';6;-61;0;2;1609459354
b'AAU-1x';b'<Q\x0e.\x05\xe0';1;-61;5;2;1609459357
b'AAU-1x';b'<Q\x0e\tD\xc0';1;-75;5;2;1609459357
b'AAU-1-DAY';b'<Q\x0e.\x05\xe1';1;-60;5;2;1609459357
b'AAU-1-DAY';b'<Q\x0e\tD\xc1';1;-76;5;2;1609459357
b'AAU-CONF-1';b'<Q\x0e.\x05\xe2';1;-61;5;2;1609459357
b'eduroam';b'<Q\x0e.\x05\xe4';1;-61;5;2;1609459357
b'AAU';b'<Q\x0e.\x05\xe6';1;-62;0;2;1609459357
b'AAU-CONF-1';b'<Q\x0e\tD\xc2';1;-77;5;2;1609459357
b'AAU-1x';b'<Q\x0e\tQ ';1;-72;5;2;1609459357
b'';b"<Q\x0e\tQ'";1;-74;5;1;1609459357
b'AAU-1-DAY';b'<Q\x0e\tQ!';1;-72;5;2;1609459357
b'AAU-CONF-1';b'<Q\x0e\tQ"';1;-72;5;2;1609459357
b'eduroam';b'<Q\x0e\tD\xc4';1;-76;5;2;1609459357
b'eduroam';b'<Q\x0e\tQ$';1;-72;5;2;1609459357
b'AAU';b'<Q\x0e\tD\xc6';1;-76;0;2;1609459357
b'AAU';b'<Q\x0e\tQ&';1;-75;0;2;1609459357
b'';b'<Q\x0e\tD\xc7';1;-83;5;1;1609459357
b'Xiaomi_61E2';b'\x9c\x9d~aa\xe3';1;-78;7;3;1609459357
b'yeahnet';b'\x00\x90L_\x00*';5;-69;0;8;1609459357
b'AAU-1x';b'l1\x0e\xf3S\x80';6;-57;5;3;1609459357
b'AAU-1-DAY';b'l1\x0e\xf3S\x81';6;-57;5;3;1609459357
b'AAU-CONF-1';b'l1\x0e\xf3S\x82';6;-58;5;3;1609459357
b'eduroam';b'l1\x0e\xf3S\x84';6;-61;5;2;1609459357
b'AAU';b'l1\x0e\xf3S\x86';6;-61;0;2;1609459357
b'AAU-1x';b'<Q\x0e\tD\xc0';1;-78;5;2;1609459360
b'AAU-1x';b'<Q\x0e\tQ ';1;-65;5;2;1609459360
b'AAU-1-DAY';b'<Q\x0e\tQ!';1;-66;5;2;1609459360
b'AAU-1x';b'<Q\x0e.\x05\xe0';1;-66;5;2;1609459360
b'AAU-1-DAY';b'<Q\x0e.\x05\xe1';1;-67;5;2;1609459360
b'AAU-CONF-1';b'<Q\x0e.\x05\xe2';1;-67;5;2;1609459360
b'AAU-CONF-1';b'<Q\x0e\tQ"';1;-63;5;2;1609459360
b'eduroam';b'<Q\x0e\tQ$';1;-65;5;2;1609459360
b'eduroam';b'<Q\x0e.\x05\xe4';1;-65;5;2;1609459360
b'AAU-CONF-1';b'<Q\x0e\tD\xc2';1;-76;5;2;1609459360
b'eduroam';b'<Q\x0e\tD\xc4';1;-75;5;2;1609459360
b'AAU';b'<Q\x0e\tD\xc6';1;-74;0;2;1609459360
b'';b"<Q\x0e\tQ'";1;-66;5;1;1609459360
b'AAU';b'<Q\x0e\tQ&';1;-66;0;2;1609459360
b'Xiaomi_61E2';b'\x9c\x9d~aa\xe3';1;-82;7;4;1609459360
b'';b'<Q\x0e\tD\xc7';1;-76;5;1;1609459360
b'AAU';b'<Q\x0e.\x05\xe6';1;-63;0;2;1609459360
b'AAU-1-DAY';b'<Q\x0e\tD\xc1';1;-78;5;1;1609459360
b'yeahnet';b'\x00\x90L_\x00*';5;-67;0;7;1609459360
b'Office TV';b'\xfa\x8f\xca8\xd40';6;-58;0;6;1609459360
b'AAU-1x';b'l1\x0e\xf3S\x80';6;-56;5;3;1609459360
b'AAU-1-DAY';b'l1\x0e\xf3S\x81';6;-56;5;3;1609459360
b'AAU-CONF-1';b'l1\x0e\xf3S\x82';6;-56;5;3;1609459360
b'eduroam';b'l1\x0e\xf3S\x84';6;-54;5;2;1609459360
b'AAU';b'l1\x0e\xf3S\x86';6;-54;0;2;1609459360
b'AAU-1x';b'<Q\x0e.\x05\xe0';1;-61;5;2;1609459362
b'AAU-1-DAY';b'<Q\x0e.\x05\xe1';1;-59;5;2;1609459362
b'AAU-CONF-1';b'<Q\x0e\tD\xc2';1;-83;5;2;1609459362
b'AAU-1x';b'<Q\x0e\tQ ';1;-69;5;2;1609459362
b'eduroam';b'<Q\x0e\tD\xc4';1;-81;5;2;1609459362
b'AAU-CONF-1';b'<Q\x0e.\x05\xe2';1;-60;5;2;1609459362
b'AAU';b'<Q\x0e\tD\xc6';1;-83;0;2;1609459362
b'AAU-1-DAY';b'<Q\x0e\tQ!';1;-69;5;2;1609459362
b'Xiaomi_61E2';b'\x9c\x9d~aa\xe3';1;-81;7;5;1609459362
b'eduroam';b'<Q\x0e.\x05\xe4';1;-60;5;2;1609459362
b'AAU';b'<Q\x0e.\x05\xe6';1;-61;0;2;1609459362
b'AAU-CONF-1';b'<Q\x0e\tQ"';1;-69;5;2;1609459362
b'eduroam';b'<Q\x0e\tQ$';1;-70;5;2;1609459362
b'AAU';b'<Q\x0e\tQ&';1;-71;0;2;1609459362
b'AAU-1x';b'<Q\x0e\tD\xc0';1;-85;5;1;1609459362
b'AAU-1-DAY';b'<Q\x0e\tD\xc1';1;-80;5;1;1609459362
b'yeahnet';b'\x00\x90L_\x00*';5;-68;0;5;1609459362
b'Office TV';b'\xfa\x8f\xca8\xd40';6;-58;0;3;1609459362
b'AAU-1x';b'l1\x0e\xf3S\x80';6;-55;5;3;1609459362
b'AAU-1-DAY';b'l1\x0e\xf3S\x81';6;-57;5;3;1609459362
b'AAU-CONF-1';b'l1\x0e\xf3S\x82';6;-59;5;3;1609459362
b'eduroam';b'l1\x0e\xf3S\x84';6;-56;5;3;1609459362
b'AAU';b'l1\x0e\xf3S\x86';6;-58;0;2;1609459362
b'';b'l1\x0e\xf3S\x85';6;-60;0;1;1609459362
b'TELLO-F251F6';b'4\xd2b\xf2Q\xf6';8;-88;0;1;1609459362
b'AAU-1x';b'<Q\x0e\tD\xc0';1;-72;5;3;1609459365
b'AAU-1-DAY';b'<Q\x0e\tD\xc1';1;-70;5;3;1609459365
b'AAU-1x';b'<Q\x0e\tQ ';1;-70;5;2;1609459365
b'AAU-1-DAY';b'<Q\x0e\tQ!';1;-70;5;2;1609459365
b'AAU-CONF-1';b'<Q\x0e\tD\xc2';1;-72;5;2;1609459365
b'AAU-CONF-1';b'<Q\x0e\tQ"';1;-70;5;1;1609459365
b'eduroam';b'<Q\x0e\tQ$';1;-76;5;1;1609459365
b'AAU';b'<Q\x0e\tQ&';1;-75;0;1;1609459365
b'eduroam';b'<Q\x0e\tD\xc4';1;-73;5;2;1609459365
b'AAU';b'<Q\x0e\tD\xc6';1;-74;0;2;1609459365
b'Xiaomi_61E2';b'\x9c\x9d~aa\xe3';1;-80;7;5;1609459365
b'yeahnet';b'\x00\x90L_\x00*';5;-62;0;9;1609459365
b'Office TV';b'\xfa\x8f\xca8\xd40';6;-62;0;3;1609459365
b'AAU-1x';b'l1\x0e\xf3S\x80';6;-62;5;2;1609459365
b'AAU-1-DAY';b'l1\x0e\xf3S\x81';6;-58;5;2;1609459365
b'AAU-CONF-1';b'l1\x0e\xf3S\x82';6;-60;5;2;1609459365
b'eduroam';b'l1\x0e\xf3S\x84';6;-61;5;3;1609459365
b'AAU';b'l1\x0e\xf3S\x86';6;-58;0;3;1609459365
b'';b'l1\x0e\xf3S\x85';6;-61;0;1;1609459365
b'';b'l1\x0e\xf3S\x87';6;-61;5;1;1609459365
